"","x","y","DLT_scenario","EFF_scenario"
"1",0.06,0.901649464535174,"Dose-toxicity scenario 1","Dose-efficacy scenario 3"
"2",0.07,0.892430207068831,"Dose-toxicity scenario 1","Dose-efficacy scenario 3"
"3",0.64,0.240801184112164,"Dose-toxicity scenario 1","Dose-efficacy scenario 3"
"4",0.36,0.5721641770679,"Dose-toxicity scenario 1","Dose-efficacy scenario 3"
"5",1,0.116818328932962,"Dose-toxicity scenario 1","Dose-efficacy scenario 3"
"6",1,0.0100885802240462,"Dose-toxicity scenario 1","Dose-efficacy scenario 3"
"7",1,0.0508753919336623,"Dose-toxicity scenario 1","Dose-efficacy scenario 3"
"8",0.7,0.238621041452049,"Dose-toxicity scenario 1","Dose-efficacy scenario 3"
"9",0.04,0.993333670500688,"Dose-toxicity scenario 1","Dose-efficacy scenario 3"
"10",0,0.931513800006051,"Dose-toxicity scenario 1","Dose-efficacy scenario 3"
"11",1,0.0765270496708035,"Dose-toxicity scenario 1","Dose-efficacy scenario 3"
"12",0.94,0.00476199382529362,"Dose-toxicity scenario 1","Dose-efficacy scenario 3"
"13",0,0.959954861828016,"Dose-toxicity scenario 1","Dose-efficacy scenario 3"
"14",1,0.0284105519242778,"Dose-toxicity scenario 1","Dose-efficacy scenario 3"
"15",0,0.930355788589649,"Dose-toxicity scenario 1","Dose-efficacy scenario 3"
"16",0.9,0.00575065038904302,"Dose-toxicity scenario 1","Dose-efficacy scenario 3"
"17",0.88,0.00379846130275161,"Dose-toxicity scenario 1","Dose-efficacy scenario 3"
"18",0.93,0.00118110761303183,"Dose-toxicity scenario 1","Dose-efficacy scenario 3"
"19",0.88,0.00210269375175621,"Dose-toxicity scenario 1","Dose-efficacy scenario 3"
"20",0,0.979997540054869,"Dose-toxicity scenario 1","Dose-efficacy scenario 3"
"21",0,0.996156268565662,"Dose-toxicity scenario 1","Dose-efficacy scenario 3"
"22",0.93,0.00678764310120605,"Dose-toxicity scenario 1","Dose-efficacy scenario 3"
"23",0.05,0.996598830006664,"Dose-toxicity scenario 1","Dose-efficacy scenario 3"
"24",1,0.0167710469688452,"Dose-toxicity scenario 1","Dose-efficacy scenario 3"
"25",1,0.0543146084205028,"Dose-toxicity scenario 1","Dose-efficacy scenario 3"
"26",1,0.0194801611226187,"Dose-toxicity scenario 1","Dose-efficacy scenario 3"
"27",0.51,0.476499923415706,"Dose-toxicity scenario 1","Dose-efficacy scenario 3"
"28",0,0.917878083970581,"Dose-toxicity scenario 1","Dose-efficacy scenario 3"
"29",1,0.101246869690807,"Dose-toxicity scenario 1","Dose-efficacy scenario 3"
"30",0.11,0.993460166024981,"Dose-toxicity scenario 1","Dose-efficacy scenario 3"
"31",0.96,0.00733419563942322,"Dose-toxicity scenario 1","Dose-efficacy scenario 3"
"32",0.81,0.0083319977222286,"Dose-toxicity scenario 1","Dose-efficacy scenario 3"
"33",1,0.103302705421625,"Dose-toxicity scenario 1","Dose-efficacy scenario 3"
"34",0,0.868358807429973,"Dose-toxicity scenario 1","Dose-efficacy scenario 3"
"35",0.96,0.0054610413117714,"Dose-toxicity scenario 1","Dose-efficacy scenario 3"
"36",0.98,0.00877559856497303,"Dose-toxicity scenario 1","Dose-efficacy scenario 3"
"37",0,0.991584651358159,"Dose-toxicity scenario 1","Dose-efficacy scenario 3"
"38",1,0.166101264930437,"Dose-toxicity scenario 1","Dose-efficacy scenario 3"
"39",0.98,0.0155775429179156,"Dose-toxicity scenario 1","Dose-efficacy scenario 3"
"40",1,0.0507536733268356,"Dose-toxicity scenario 1","Dose-efficacy scenario 3"
"41",0.14,0.982679218597134,"Dose-toxicity scenario 1","Dose-efficacy scenario 3"
"42",1,0.0518751054305556,"Dose-toxicity scenario 1","Dose-efficacy scenario 3"
"43",0.92,0.044869575536642,"Dose-toxicity scenario 1","Dose-efficacy scenario 3"
"44",1,0.202861048629191,"Dose-toxicity scenario 1","Dose-efficacy scenario 3"
"45",1,0.0316739957757122,"Dose-toxicity scenario 1","Dose-efficacy scenario 3"
"46",1,0.099217938426279,"Dose-toxicity scenario 1","Dose-efficacy scenario 3"
"47",0.2,0.996245122028633,"Dose-toxicity scenario 1","Dose-efficacy scenario 3"
"48",1,0.0638044531836117,"Dose-toxicity scenario 1","Dose-efficacy scenario 3"
"49",0.5,0.448860089203544,"Dose-toxicity scenario 1","Dose-efficacy scenario 3"
"50",0.95,0.00397187271568395,"Dose-toxicity scenario 1","Dose-efficacy scenario 3"
"51",0.72,0.187541138774318,"Dose-toxicity scenario 1","Dose-efficacy scenario 3"
"52",0.8,0.211910124033166,"Dose-toxicity scenario 1","Dose-efficacy scenario 3"
"53",0.91,0.0118382496524349,"Dose-toxicity scenario 1","Dose-efficacy scenario 3"
"54",0.49,0.532867016494868,"Dose-toxicity scenario 1","Dose-efficacy scenario 3"
"55",0,0.983650756415273,"Dose-toxicity scenario 1","Dose-efficacy scenario 3"
"56",0.86,0.00452757714458101,"Dose-toxicity scenario 1","Dose-efficacy scenario 3"
"57",0.79,0.000643168852975075,"Dose-toxicity scenario 1","Dose-efficacy scenario 3"
"58",0.82,0.0900155871230234,"Dose-toxicity scenario 1","Dose-efficacy scenario 3"
"59",1,0.00162548064806195,"Dose-toxicity scenario 1","Dose-efficacy scenario 3"
"60",0.92,0.0029070849523272,"Dose-toxicity scenario 1","Dose-efficacy scenario 3"
"61",0.32,0.642398114285605,"Dose-toxicity scenario 1","Dose-efficacy scenario 3"
"62",0.1,0.989674969071009,"Dose-toxicity scenario 1","Dose-efficacy scenario 3"
"63",1,0.0340654745151432,"Dose-toxicity scenario 1","Dose-efficacy scenario 3"
"64",0.47,0.502066194247659,"Dose-toxicity scenario 1","Dose-efficacy scenario 3"
"65",0.49,0.4868205697584,"Dose-toxicity scenario 1","Dose-efficacy scenario 3"
"66",0.99,0.000425271016198223,"Dose-toxicity scenario 1","Dose-efficacy scenario 3"
"67",0.54,0.537080842035798,"Dose-toxicity scenario 1","Dose-efficacy scenario 3"
"68",0.02,0.988157183606361,"Dose-toxicity scenario 1","Dose-efficacy scenario 3"
"69",0.95,0.00578287414507872,"Dose-toxicity scenario 1","Dose-efficacy scenario 3"
"70",0.84,0.160457354037179,"Dose-toxicity scenario 1","Dose-efficacy scenario 3"
"71",0.79,0.00865534091736922,"Dose-toxicity scenario 1","Dose-efficacy scenario 3"
"72",1,0.157101878372832,"Dose-toxicity scenario 1","Dose-efficacy scenario 3"
"73",0.66,0.273161550069579,"Dose-toxicity scenario 1","Dose-efficacy scenario 3"
"74",0.07,0.999855988069668,"Dose-toxicity scenario 1","Dose-efficacy scenario 3"
"75",0,0.794040848256083,"Dose-toxicity scenario 1","Dose-efficacy scenario 3"
"76",0.3,0.649340896916515,"Dose-toxicity scenario 1","Dose-efficacy scenario 3"
"77",0.85,0.261615401597672,"Dose-toxicity scenario 1","Dose-efficacy scenario 3"
"78",0.61,0.331738624523711,"Dose-toxicity scenario 1","Dose-efficacy scenario 3"
"79",1,0.0421945747548931,"Dose-toxicity scenario 1","Dose-efficacy scenario 3"
"80",0.51,0.388897667889202,"Dose-toxicity scenario 1","Dose-efficacy scenario 3"
"81",0.27,0.60046638442532,"Dose-toxicity scenario 1","Dose-efficacy scenario 3"
"82",0.28,0.585169798722098,"Dose-toxicity scenario 1","Dose-efficacy scenario 3"
"83",0.29,0.569873747187501,"Dose-toxicity scenario 1","Dose-efficacy scenario 3"
"84",0.3,0.554578229793548,"Dose-toxicity scenario 1","Dose-efficacy scenario 3"
"85",0.31,0.539283246512262,"Dose-toxicity scenario 1","Dose-efficacy scenario 3"
"86",0.32,0.523988797315666,"Dose-toxicity scenario 1","Dose-efficacy scenario 3"
"87",0.33,0.508694882175787,"Dose-toxicity scenario 1","Dose-efficacy scenario 3"
"88",0.34,0.493401501064653,"Dose-toxicity scenario 1","Dose-efficacy scenario 3"
"89",0.35,0.478108653954292,"Dose-toxicity scenario 1","Dose-efficacy scenario 3"
"90",0.36,0.462816340816739,"Dose-toxicity scenario 1","Dose-efficacy scenario 3"
"91",0.37,0.447524561624025,"Dose-toxicity scenario 1","Dose-efficacy scenario 3"
"92",0.38,0.432233316348186,"Dose-toxicity scenario 1","Dose-efficacy scenario 3"
"93",0.39,0.416942604961261,"Dose-toxicity scenario 1","Dose-efficacy scenario 3"
"94",0.4,0.40165242743529,"Dose-toxicity scenario 1","Dose-efficacy scenario 3"
"95",0.41,0.386362783742313,"Dose-toxicity scenario 1","Dose-efficacy scenario 3"
"96",0.42,0.371073673854374,"Dose-toxicity scenario 1","Dose-efficacy scenario 3"
"97",0.02,0.9888265510425,"Dose-toxicity scenario 1","Dose-efficacy scenario 3"
"98",0,0.890982663273781,"Dose-toxicity scenario 1","Dose-efficacy scenario 3"
"99",0.05,0.991662338643746,"Dose-toxicity scenario 1","Dose-efficacy scenario 3"
"100",0.16,0.991200594150403,"Dose-toxicity scenario 1","Dose-efficacy scenario 3"
"101",1,0.0857768707995571,"Dose-toxicity scenario 1","Dose-efficacy scenario 3"
"102",1,0.0714203526496887,"Dose-toxicity scenario 1","Dose-efficacy scenario 3"
"103",0.99,0.082918747457912,"Dose-toxicity scenario 1","Dose-efficacy scenario 3"
"104",0.99,0.10004481481076,"Dose-toxicity scenario 1","Dose-efficacy scenario 3"
"105",0.75,0.341916294381479,"Dose-toxicity scenario 1","Dose-efficacy scenario 3"
"106",0.76,0.330407944591748,"Dose-toxicity scenario 1","Dose-efficacy scenario 3"
"107",0.99,0.00496046478398936,"Dose-toxicity scenario 1","Dose-efficacy scenario 3"
"108",0.21,0.992954236972514,"Dose-toxicity scenario 1","Dose-efficacy scenario 3"
"109",0.92,0.00381484126782514,"Dose-toxicity scenario 1","Dose-efficacy scenario 3"
"110",0.96,0.0758067357610454,"Dose-toxicity scenario 1","Dose-efficacy scenario 3"
"111",0.98,0.0612953608535295,"Dose-toxicity scenario 1","Dose-efficacy scenario 3"
"112",0,0.939309129176428,"Dose-toxicity scenario 1","Dose-efficacy scenario 3"
"113",0,0.915397825207842,"Dose-toxicity scenario 1","Dose-efficacy scenario 3"
"114",1,0.171798621264282,"Dose-toxicity scenario 1","Dose-efficacy scenario 3"
"115",1,0.162174048597828,"Dose-toxicity scenario 1","Dose-efficacy scenario 3"
"116",0.19,0.98804087469374,"Dose-toxicity scenario 1","Dose-efficacy scenario 3"
"117",0.65,0.329996765215362,"Dose-toxicity scenario 1","Dose-efficacy scenario 3"
"118",0.66,0.321627511781471,"Dose-toxicity scenario 1","Dose-efficacy scenario 3"
"119",0.99,0.24049473813281,"Dose-toxicity scenario 1","Dose-efficacy scenario 3"
"120",0.94,0.121044914022241,"Dose-toxicity scenario 1","Dose-efficacy scenario 3"
"121",0.88,0.00673670823337839,"Dose-toxicity scenario 1","Dose-efficacy scenario 3"
"122",0.87,0.00467746100194773,"Dose-toxicity scenario 1","Dose-efficacy scenario 3"
"123",0.89,0.00260253235451535,"Dose-toxicity scenario 1","Dose-efficacy scenario 3"
"124",0.11,0.977945314448153,"Dose-toxicity scenario 1","Dose-efficacy scenario 3"
"125",0.96,0.00802099151367872,"Dose-toxicity scenario 1","Dose-efficacy scenario 3"
"126",0,0.997022935314048,"Dose-toxicity scenario 1","Dose-efficacy scenario 3"
"127",0.99,0.00671802814264495,"Dose-toxicity scenario 1","Dose-efficacy scenario 3"
"128",1,0.160789464408386,"Dose-toxicity scenario 1","Dose-efficacy scenario 3"
"129",0.38,0.51070572515434,"Dose-toxicity scenario 1","Dose-efficacy scenario 3"
"130",0.99,0.0897714039376317,"Dose-toxicity scenario 1","Dose-efficacy scenario 3"
"131",1,0.0853535820472692,"Dose-toxicity scenario 1","Dose-efficacy scenario 3"
"132",0,0.861364209707532,"Dose-toxicity scenario 1","Dose-efficacy scenario 3"
"133",1,0.0570399564081563,"Dose-toxicity scenario 1","Dose-efficacy scenario 3"
"134",1,0.0974421000669859,"Dose-toxicity scenario 1","Dose-efficacy scenario 3"
"135",1,0.0378932280369847,"Dose-toxicity scenario 1","Dose-efficacy scenario 3"
"136",0,0.763074694416293,"Dose-toxicity scenario 1","Dose-efficacy scenario 3"
"137",1,0.101969810421956,"Dose-toxicity scenario 1","Dose-efficacy scenario 3"
"138",0.14,0.973309590298128,"Dose-toxicity scenario 1","Dose-efficacy scenario 3"
"139",0.97,0.00201704339073336,"Dose-toxicity scenario 1","Dose-efficacy scenario 3"
"140",0.26,0.976907037819988,"Dose-toxicity scenario 1","Dose-efficacy scenario 3"
"141",0.97,0.0920939332409565,"Dose-toxicity scenario 1","Dose-efficacy scenario 3"
"142",1,0.0262272356375973,"Dose-toxicity scenario 1","Dose-efficacy scenario 3"
"143",0.91,0.00375573680978792,"Dose-toxicity scenario 1","Dose-efficacy scenario 3"
"144",0.98,0.00315058500662013,"Dose-toxicity scenario 1","Dose-efficacy scenario 3"
"145",0.97,0.00521477437346311,"Dose-toxicity scenario 1","Dose-efficacy scenario 3"
"146",0,0.892276191733379,"Dose-toxicity scenario 1","Dose-efficacy scenario 3"
"147",1,0.148054157922497,"Dose-toxicity scenario 1","Dose-efficacy scenario 3"
"148",0.51,0.508785727436291,"Dose-toxicity scenario 1","Dose-efficacy scenario 3"
"149",1,0.0784078743998746,"Dose-toxicity scenario 1","Dose-efficacy scenario 3"
"150",0.5,0.41712462195051,"Dose-toxicity scenario 1","Dose-efficacy scenario 3"
"151",1,0.123043822746047,"Dose-toxicity scenario 1","Dose-efficacy scenario 3"
"152",0.01,0.99421971346333,"Dose-toxicity scenario 1","Dose-efficacy scenario 3"
"153",0.18,0.992069493461165,"Dose-toxicity scenario 1","Dose-efficacy scenario 3"
"154",1,0.00802554480811582,"Dose-toxicity scenario 1","Dose-efficacy scenario 3"
"155",0,0.880799332688261,"Dose-toxicity scenario 1","Dose-efficacy scenario 3"
"156",0.96,0.00368876389564731,"Dose-toxicity scenario 1","Dose-efficacy scenario 3"
"157",0.17,0.977755912167155,"Dose-toxicity scenario 1","Dose-efficacy scenario 3"
"158",1,0.0257813961041955,"Dose-toxicity scenario 1","Dose-efficacy scenario 3"
"159",0,0.903918460164082,"Dose-toxicity scenario 1","Dose-efficacy scenario 3"
"160",1,0.0227112159869089,"Dose-toxicity scenario 1","Dose-efficacy scenario 3"
"161",0,0.945017009457042,"Dose-toxicity scenario 1","Dose-efficacy scenario 3"
"162",0.01,0.933056701456985,"Dose-toxicity scenario 1","Dose-efficacy scenario 3"
"163",0.04,0.994458577583552,"Dose-toxicity scenario 1","Dose-efficacy scenario 3"
"164",0.95,0.00743190780886984,"Dose-toxicity scenario 1","Dose-efficacy scenario 3"
"165",0,0.954979657659763,"Dose-toxicity scenario 1","Dose-efficacy scenario 3"
"166",1,0.010756678087587,"Dose-toxicity scenario 1","Dose-efficacy scenario 3"
"167",1,0.141710065758005,"Dose-toxicity scenario 1","Dose-efficacy scenario 3"
"168",0.36,0.502750965266578,"Dose-toxicity scenario 1","Dose-efficacy scenario 3"
"169",0.37,0.492703298452159,"Dose-toxicity scenario 1","Dose-efficacy scenario 3"
"170",0.39,0.472607968735033,"Dose-toxicity scenario 1","Dose-efficacy scenario 3"
"171",0.4,0.462560305832326,"Dose-toxicity scenario 1","Dose-efficacy scenario 3"
"172",0.37,0.559338323718674,"Dose-toxicity scenario 1","Dose-efficacy scenario 3"
"173",1,0.257034503746531,"Dose-toxicity scenario 1","Dose-efficacy scenario 3"
"174",0.4,0.652537096196332,"Dose-toxicity scenario 1","Dose-efficacy scenario 3"
"175",1,0.120299665356794,"Dose-toxicity scenario 1","Dose-efficacy scenario 3"
"176",1,0.0450592528950283,"Dose-toxicity scenario 1","Dose-efficacy scenario 3"
"177",0.15,0.982772768479503,"Dose-toxicity scenario 1","Dose-efficacy scenario 3"
"178",1,0.0272308714402971,"Dose-toxicity scenario 1","Dose-efficacy scenario 3"
"179",1,0.186323036013474,"Dose-toxicity scenario 1","Dose-efficacy scenario 3"
"180",0.95,0.0051451268304989,"Dose-toxicity scenario 1","Dose-efficacy scenario 3"
"181",0.16,0.989828810400996,"Dose-toxicity scenario 1","Dose-efficacy scenario 3"
"182",1,0.106192017815606,"Dose-toxicity scenario 1","Dose-efficacy scenario 3"
"183",0.79,0.00241071745907769,"Dose-toxicity scenario 1","Dose-efficacy scenario 3"
"184",1,0.0157656831299397,"Dose-toxicity scenario 1","Dose-efficacy scenario 3"
"185",1,0.0601381952998144,"Dose-toxicity scenario 1","Dose-efficacy scenario 3"
"186",1,0.299396234505735,"Dose-toxicity scenario 1","Dose-efficacy scenario 3"
"187",1,0.217521525653297,"Dose-toxicity scenario 1","Dose-efficacy scenario 3"
"188",1,0.076130651619317,"Dose-toxicity scenario 1","Dose-efficacy scenario 3"
"189",0.43,0.546201010769632,"Dose-toxicity scenario 1","Dose-efficacy scenario 3"
"190",0.92,0.0072846915138726,"Dose-toxicity scenario 1","Dose-efficacy scenario 3"
"191",0,0.847610377750729,"Dose-toxicity scenario 1","Dose-efficacy scenario 3"
"192",0.65,0.349230218325078,"Dose-toxicity scenario 1","Dose-efficacy scenario 3"
"193",0.66,0.339092760329163,"Dose-toxicity scenario 1","Dose-efficacy scenario 3"
"194",0.16,0.988753374065226,"Dose-toxicity scenario 1","Dose-efficacy scenario 3"
"195",0.99,0.00389426914515694,"Dose-toxicity scenario 1","Dose-efficacy scenario 3"
"196",0.69,0.265039927383086,"Dose-toxicity scenario 1","Dose-efficacy scenario 3"
"197",0.72,0.00735445513565818,"Dose-toxicity scenario 1","Dose-efficacy scenario 3"
"198",0,0.969293317369012,"Dose-toxicity scenario 1","Dose-efficacy scenario 3"
"199",0.27,0.636244855477568,"Dose-toxicity scenario 1","Dose-efficacy scenario 3"
"200",1,0.0421145529780797,"Dose-toxicity scenario 1","Dose-efficacy scenario 3"
"201",0.93,0.00254603819085721,"Dose-toxicity scenario 1","Dose-efficacy scenario 3"
"202",1,0.00171055449540727,"Dose-toxicity scenario 1","Dose-efficacy scenario 3"
"203",1,0.148890955436181,"Dose-toxicity scenario 1","Dose-efficacy scenario 3"
"204",1,0.100382303539993,"Dose-toxicity scenario 1","Dose-efficacy scenario 3"
"205",0.56,0.399811332637627,"Dose-toxicity scenario 1","Dose-efficacy scenario 3"
"206",1,0.0690929855838886,"Dose-toxicity scenario 1","Dose-efficacy scenario 3"
"207",0.15,0.988649508573974,"Dose-toxicity scenario 1","Dose-efficacy scenario 3"
"208",0.98,0.00243475153031818,"Dose-toxicity scenario 1","Dose-efficacy scenario 3"
"209",0,0.938907076780896,"Dose-toxicity scenario 1","Dose-efficacy scenario 3"
"210",1,0.099251896892835,"Dose-toxicity scenario 1","Dose-efficacy scenario 3"
"211",1,0.0581517254120836,"Dose-toxicity scenario 1","Dose-efficacy scenario 3"
"212",1,0.0664509953585522,"Dose-toxicity scenario 1","Dose-efficacy scenario 3"
"213",0.3,0.826860146246685,"Dose-toxicity scenario 1","Dose-efficacy scenario 3"
"214",0,0.760874204716403,"Dose-toxicity scenario 1","Dose-efficacy scenario 3"
"215",0.84,0.00715015955111435,"Dose-toxicity scenario 1","Dose-efficacy scenario 3"
"216",0.5,0.525225562324158,"Dose-toxicity scenario 1","Dose-efficacy scenario 3"
"217",1,0.240451829804889,"Dose-toxicity scenario 1","Dose-efficacy scenario 3"
"218",1,0.0416454982617163,"Dose-toxicity scenario 1","Dose-efficacy scenario 3"
"219",0.94,0.182898343340395,"Dose-toxicity scenario 1","Dose-efficacy scenario 3"
"220",0.95,0.177263385127288,"Dose-toxicity scenario 1","Dose-efficacy scenario 3"
"221",0.96,0.171639784192906,"Dose-toxicity scenario 1","Dose-efficacy scenario 3"
"222",0.97,0.166027506235861,"Dose-toxicity scenario 1","Dose-efficacy scenario 3"
"223",1,0.0403916960053665,"Dose-toxicity scenario 1","Dose-efficacy scenario 3"
"224",0.94,0.00543639518240107,"Dose-toxicity scenario 1","Dose-efficacy scenario 3"
"225",0.4,0.672609436573282,"Dose-toxicity scenario 1","Dose-efficacy scenario 3"
"226",0,0.881083614411358,"Dose-toxicity scenario 1","Dose-efficacy scenario 3"
"227",0,0.892646859349663,"Dose-toxicity scenario 1","Dose-efficacy scenario 3"
"228",0.59,0.380630249367215,"Dose-toxicity scenario 1","Dose-efficacy scenario 3"
"229",0.6,0.37126314370903,"Dose-toxicity scenario 1","Dose-efficacy scenario 3"
"230",0.98,0.0034214682679056,"Dose-toxicity scenario 1","Dose-efficacy scenario 3"
"231",0.99,0.0077529548340255,"Dose-toxicity scenario 1","Dose-efficacy scenario 3"
"232",1,0.214589258313409,"Dose-toxicity scenario 1","Dose-efficacy scenario 3"
"233",0.87,0.00695352035097141,"Dose-toxicity scenario 1","Dose-efficacy scenario 3"
"234",0.93,0.00896388559141857,"Dose-toxicity scenario 1","Dose-efficacy scenario 3"
"235",1,0.0615119959155975,"Dose-toxicity scenario 1","Dose-efficacy scenario 3"
"236",0.98,0.00455742312124337,"Dose-toxicity scenario 1","Dose-efficacy scenario 3"
"237",1,0.0766907591863223,"Dose-toxicity scenario 1","Dose-efficacy scenario 3"
"238",0,0.904041124080103,"Dose-toxicity scenario 1","Dose-efficacy scenario 3"
"239",0.51,0.478810385074418,"Dose-toxicity scenario 1","Dose-efficacy scenario 3"
"240",0.95,0.00656404629362948,"Dose-toxicity scenario 1","Dose-efficacy scenario 3"
"241",0.88,0.0048929515160654,"Dose-toxicity scenario 1","Dose-efficacy scenario 3"
"242",1,0.124066902327347,"Dose-toxicity scenario 1","Dose-efficacy scenario 3"
"243",0.03,0.988392470137976,"Dose-toxicity scenario 1","Dose-efficacy scenario 3"
"244",1,0.0700200670845291,"Dose-toxicity scenario 1","Dose-efficacy scenario 3"
"245",0,0.909647402129195,"Dose-toxicity scenario 1","Dose-efficacy scenario 3"
"246",0,0.962544305412885,"Dose-toxicity scenario 1","Dose-efficacy scenario 3"
"247",1,0.0357570906030849,"Dose-toxicity scenario 1","Dose-efficacy scenario 3"
"248",0.9,0.00625016297801372,"Dose-toxicity scenario 1","Dose-efficacy scenario 3"
"249",0.51,0.459435350336194,"Dose-toxicity scenario 1","Dose-efficacy scenario 3"
"250",1,0.125447777408175,"Dose-toxicity scenario 1","Dose-efficacy scenario 3"
"251",0.03,0.8907025924767,"Dose-toxicity scenario 1","Dose-efficacy scenario 3"
"252",0.09,0.984009358906324,"Dose-toxicity scenario 1","Dose-efficacy scenario 3"
"253",0.1,0.995834379229057,"Dose-toxicity scenario 1","Dose-efficacy scenario 3"
"254",1,0.0783621942338774,"Dose-toxicity scenario 1","Dose-efficacy scenario 3"
"255",0.09,0.999395959842735,"Dose-toxicity scenario 1","Dose-efficacy scenario 3"
"256",1,0.0164088964191188,"Dose-toxicity scenario 1","Dose-efficacy scenario 3"
"257",1,0.116288972315997,"Dose-toxicity scenario 1","Dose-efficacy scenario 3"
"258",0.9,0.00511942418224499,"Dose-toxicity scenario 1","Dose-efficacy scenario 3"
"259",1,0.0723385605260731,"Dose-toxicity scenario 1","Dose-efficacy scenario 3"
"260",1,0.0102546119225661,"Dose-toxicity scenario 1","Dose-efficacy scenario 3"
"261",0.99,0.00173511667244593,"Dose-toxicity scenario 1","Dose-efficacy scenario 3"
"262",0,0.921597217864603,"Dose-toxicity scenario 1","Dose-efficacy scenario 3"
"263",0.09,0.999571981680187,"Dose-toxicity scenario 1","Dose-efficacy scenario 3"
"264",0,0.899009303923212,"Dose-toxicity scenario 1","Dose-efficacy scenario 3"
"265",1,0.0425453488355155,"Dose-toxicity scenario 1","Dose-efficacy scenario 3"
"266",0.69,0.242289154614951,"Dose-toxicity scenario 1","Dose-efficacy scenario 3"
"267",0.94,0.00757413286998451,"Dose-toxicity scenario 1","Dose-efficacy scenario 3"
"268",1,0.0884083394429841,"Dose-toxicity scenario 1","Dose-efficacy scenario 3"
"269",1,0.123413980499665,"Dose-toxicity scenario 1","Dose-efficacy scenario 3"
"270",0.99,0.0829308900987537,"Dose-toxicity scenario 1","Dose-efficacy scenario 3"
"271",1,0.0775651367875421,"Dose-toxicity scenario 1","Dose-efficacy scenario 3"
"272",0.97,0.00306253944302124,"Dose-toxicity scenario 1","Dose-efficacy scenario 3"
"273",1,0.131765869334556,"Dose-toxicity scenario 1","Dose-efficacy scenario 3"
"274",0.04,0.974158003385144,"Dose-toxicity scenario 1","Dose-efficacy scenario 3"
"275",0.13,0.995138632440916,"Dose-toxicity scenario 1","Dose-efficacy scenario 3"
"276",0,0.953596543599648,"Dose-toxicity scenario 1","Dose-efficacy scenario 3"
"277",1,0.0672113378156616,"Dose-toxicity scenario 1","Dose-efficacy scenario 3"
"278",0.94,0.000156889508509108,"Dose-toxicity scenario 1","Dose-efficacy scenario 3"
"279",1,0.110876716176427,"Dose-toxicity scenario 1","Dose-efficacy scenario 3"
"280",0.04,0.985527905168544,"Dose-toxicity scenario 1","Dose-efficacy scenario 3"
"281",0.06,0.990712226541186,"Dose-toxicity scenario 1","Dose-efficacy scenario 3"
"282",0.28,0.874682298312095,"Dose-toxicity scenario 1","Dose-efficacy scenario 3"
"283",0.15,0.987792757927127,"Dose-toxicity scenario 1","Dose-efficacy scenario 3"
"284",0,0.899499979932813,"Dose-toxicity scenario 1","Dose-efficacy scenario 3"
"285",1,0.0153671824002585,"Dose-toxicity scenario 1","Dose-efficacy scenario 3"
"286",0,0.939210788155905,"Dose-toxicity scenario 1","Dose-efficacy scenario 3"
"287",1,0.0367280094193639,"Dose-toxicity scenario 1","Dose-efficacy scenario 3"
"288",0.14,0.999993622823788,"Dose-toxicity scenario 1","Dose-efficacy scenario 3"
"289",0.95,0.00183803306299178,"Dose-toxicity scenario 1","Dose-efficacy scenario 3"
"290",0.92,0.00693891299556699,"Dose-toxicity scenario 1","Dose-efficacy scenario 3"
"291",1,0.0212108039227233,"Dose-toxicity scenario 1","Dose-efficacy scenario 3"
"292",0,0.950259602249611,"Dose-toxicity scenario 1","Dose-efficacy scenario 3"
"293",0.59,0.403934392302181,"Dose-toxicity scenario 1","Dose-efficacy scenario 3"
"294",0.6,0.389680986631533,"Dose-toxicity scenario 1","Dose-efficacy scenario 3"
"295",0.28,0.640647391301345,"Dose-toxicity scenario 1","Dose-efficacy scenario 3"
"296",0.12,0.997950209244319,"Dose-toxicity scenario 1","Dose-efficacy scenario 3"
"297",0.03,0.99606512545683,"Dose-toxicity scenario 1","Dose-efficacy scenario 3"
"298",1,0.155399201353464,"Dose-toxicity scenario 1","Dose-efficacy scenario 3"
"299",0,0.9743069395141,"Dose-toxicity scenario 1","Dose-efficacy scenario 3"
"300",0.52,0.390120775163589,"Dose-toxicity scenario 1","Dose-efficacy scenario 3"
"301",0.75,0.151207125914372,"Dose-toxicity scenario 1","Dose-efficacy scenario 3"
"302",0.98,0.0019800542289871,"Dose-toxicity scenario 1","Dose-efficacy scenario 3"
"303",1,0.00407126697031011,"Dose-toxicity scenario 1","Dose-efficacy scenario 3"
"304",0.92,0.00198840426021377,"Dose-toxicity scenario 1","Dose-efficacy scenario 3"
"305",0.06,0.988553714606557,"Dose-toxicity scenario 1","Dose-efficacy scenario 3"
"306",0.61,0.382870493677818,"Dose-toxicity scenario 1","Dose-efficacy scenario 3"
"307",1,0.0311449477138424,"Dose-toxicity scenario 1","Dose-efficacy scenario 3"
"308",1,0.0440207971906968,"Dose-toxicity scenario 1","Dose-efficacy scenario 3"
"309",0.97,0.00570320850435555,"Dose-toxicity scenario 1","Dose-efficacy scenario 3"
"310",1,0.116238779505799,"Dose-toxicity scenario 1","Dose-efficacy scenario 3"
"311",0,0.999645192722551,"Dose-toxicity scenario 1","Dose-efficacy scenario 3"
"312",0.04,0.997291475660271,"Dose-toxicity scenario 1","Dose-efficacy scenario 3"
"313",1,0.0142742622626527,"Dose-toxicity scenario 1","Dose-efficacy scenario 3"
"314",0.95,0.00574734176217257,"Dose-toxicity scenario 1","Dose-efficacy scenario 3"
"315",0.99,0.00500204831470746,"Dose-toxicity scenario 1","Dose-efficacy scenario 3"
"316",0.98,0.00774556550188501,"Dose-toxicity scenario 1","Dose-efficacy scenario 3"
"317",0.17,0.994389673766266,"Dose-toxicity scenario 1","Dose-efficacy scenario 3"
"318",1,0.0915541877108222,"Dose-toxicity scenario 1","Dose-efficacy scenario 3"
"319",0.06,0.991387311497854,"Dose-toxicity scenario 1","Dose-efficacy scenario 3"
"320",0,0.850098186479907,"Dose-toxicity scenario 1","Dose-efficacy scenario 3"
"321",1,0.123453504358453,"Dose-toxicity scenario 1","Dose-efficacy scenario 3"
"322",1,0.0100099842914277,"Dose-toxicity scenario 1","Dose-efficacy scenario 3"
"323",0,0.793668050849129,"Dose-toxicity scenario 1","Dose-efficacy scenario 3"
"324",0.85,0.197881003649299,"Dose-toxicity scenario 1","Dose-efficacy scenario 3"
"325",1,0.0341927244049885,"Dose-toxicity scenario 1","Dose-efficacy scenario 3"
"326",0.25,0.996438538923615,"Dose-toxicity scenario 1","Dose-efficacy scenario 3"
"327",0.34,0.60713287868776,"Dose-toxicity scenario 1","Dose-efficacy scenario 3"
"328",0.86,0.00977583536812568,"Dose-toxicity scenario 1","Dose-efficacy scenario 3"
"329",0.42,0.609515848472817,"Dose-toxicity scenario 1","Dose-efficacy scenario 3"
"330",0.96,0.0125046097296032,"Dose-toxicity scenario 1","Dose-efficacy scenario 3"
"331",0.97,0.00276022461687639,"Dose-toxicity scenario 1","Dose-efficacy scenario 3"
"332",0,0.915024063377745,"Dose-toxicity scenario 1","Dose-efficacy scenario 3"
"333",0.84,0.00956686938251295,"Dose-toxicity scenario 1","Dose-efficacy scenario 3"
"334",0.07,0.991117014080507,"Dose-toxicity scenario 1","Dose-efficacy scenario 3"
"335",0.99,0.00504303817175437,"Dose-toxicity scenario 1","Dose-efficacy scenario 3"
"336",0,0.979814392614838,"Dose-toxicity scenario 1","Dose-efficacy scenario 3"
"337",1,0.146376345199237,"Dose-toxicity scenario 1","Dose-efficacy scenario 3"
"338",0,0.878151771021394,"Dose-toxicity scenario 1","Dose-efficacy scenario 3"
"339",1,0.0921156520355928,"Dose-toxicity scenario 1","Dose-efficacy scenario 3"
"340",0,0.973038196728958,"Dose-toxicity scenario 1","Dose-efficacy scenario 3"
"341",1,0.0209923822734767,"Dose-toxicity scenario 1","Dose-efficacy scenario 3"
"342",0.96,0.11131110037752,"Dose-toxicity scenario 1","Dose-efficacy scenario 3"
"343",0.97,0.104289128747218,"Dose-toxicity scenario 1","Dose-efficacy scenario 3"
"344",0.98,0.0972853054199178,"Dose-toxicity scenario 1","Dose-efficacy scenario 3"
"345",0.99,0.0902995601299204,"Dose-toxicity scenario 1","Dose-efficacy scenario 3"
"346",1,0.0833318229737932,"Dose-toxicity scenario 1","Dose-efficacy scenario 3"
"347",1,0.068637345472316,"Dose-toxicity scenario 1","Dose-efficacy scenario 3"
"348",0.17,0.99092116900754,"Dose-toxicity scenario 1","Dose-efficacy scenario 3"
"349",1,0.150810712985952,"Dose-toxicity scenario 1","Dose-efficacy scenario 3"
"350",0.49,0.524989214500708,"Dose-toxicity scenario 1","Dose-efficacy scenario 3"
"351",0.19,0.995630742912993,"Dose-toxicity scenario 1","Dose-efficacy scenario 3"
"352",0.11,0.997748915495406,"Dose-toxicity scenario 1","Dose-efficacy scenario 3"
"353",0.07,0.993563635002867,"Dose-toxicity scenario 1","Dose-efficacy scenario 3"
"354",0.92,0.117276287786612,"Dose-toxicity scenario 1","Dose-efficacy scenario 3"
"355",1,0.0752369278140532,"Dose-toxicity scenario 1","Dose-efficacy scenario 3"
"356",0.51,0.514463465873633,"Dose-toxicity scenario 1","Dose-efficacy scenario 3"
"357",1,0.20719428954293,"Dose-toxicity scenario 1","Dose-efficacy scenario 3"
"358",0.96,0.00451171747909575,"Dose-toxicity scenario 1","Dose-efficacy scenario 3"
"359",1,0.0259528873148788,"Dose-toxicity scenario 1","Dose-efficacy scenario 3"
"360",1,0.027238969061821,"Dose-toxicity scenario 1","Dose-efficacy scenario 3"
"361",0.17,0.988283338697294,"Dose-toxicity scenario 1","Dose-efficacy scenario 3"
"362",0.06,0.984984707831299,"Dose-toxicity scenario 1","Dose-efficacy scenario 3"
"363",1,0.027742135401564,"Dose-toxicity scenario 1","Dose-efficacy scenario 3"
"364",0,0.942862650286974,"Dose-toxicity scenario 1","Dose-efficacy scenario 3"
"365",1,0.00939833914642441,"Dose-toxicity scenario 1","Dose-efficacy scenario 3"
"366",0.99,0.00882720757105132,"Dose-toxicity scenario 1","Dose-efficacy scenario 3"
"367",1,0.0407556043755003,"Dose-toxicity scenario 1","Dose-efficacy scenario 3"
"368",0.97,0.00746088745218464,"Dose-toxicity scenario 1","Dose-efficacy scenario 3"
"369",1,0.108260131256436,"Dose-toxicity scenario 1","Dose-efficacy scenario 3"
"370",0,0.993360152698019,"Dose-toxicity scenario 1","Dose-efficacy scenario 3"
"371",1,0.0677872654882527,"Dose-toxicity scenario 1","Dose-efficacy scenario 3"
"372",1,0.118204890264843,"Dose-toxicity scenario 1","Dose-efficacy scenario 3"
"373",0,0.932878579255641,"Dose-toxicity scenario 1","Dose-efficacy scenario 3"
"374",0.42,0.61004289095183,"Dose-toxicity scenario 1","Dose-efficacy scenario 3"
"375",0,0.964659315519453,"Dose-toxicity scenario 1","Dose-efficacy scenario 3"
"376",0.02,0.987903463320526,"Dose-toxicity scenario 1","Dose-efficacy scenario 3"
"377",0.72,0.00226243451346838,"Dose-toxicity scenario 1","Dose-efficacy scenario 3"
"378",0,0.957770961791853,"Dose-toxicity scenario 1","Dose-efficacy scenario 3"
"379",0.92,0.00519103583003228,"Dose-toxicity scenario 1","Dose-efficacy scenario 3"
"380",0.99,0.195294007228313,"Dose-toxicity scenario 1","Dose-efficacy scenario 3"
"381",1,0.190295628244185,"Dose-toxicity scenario 1","Dose-efficacy scenario 3"
"382",1,0.0357540237725196,"Dose-toxicity scenario 1","Dose-efficacy scenario 3"
"383",0,0.918581858206412,"Dose-toxicity scenario 1","Dose-efficacy scenario 3"
"384",1,0.0927770659007839,"Dose-toxicity scenario 1","Dose-efficacy scenario 3"
"385",0.05,0.999698896956124,"Dose-toxicity scenario 1","Dose-efficacy scenario 3"
"386",0.93,0.00655306171868764,"Dose-toxicity scenario 1","Dose-efficacy scenario 3"
"387",0.82,0.00987185604520413,"Dose-toxicity scenario 1","Dose-efficacy scenario 3"
"388",0.5,0.49021456716249,"Dose-toxicity scenario 1","Dose-efficacy scenario 3"
"389",0.06,0.996482582100602,"Dose-toxicity scenario 1","Dose-efficacy scenario 3"
"390",0.76,0.00601827360810185,"Dose-toxicity scenario 1","Dose-efficacy scenario 3"
"391",0.07,0.996544321287135,"Dose-toxicity scenario 1","Dose-efficacy scenario 3"
"392",0.83,0.010750625387167,"Dose-toxicity scenario 1","Dose-efficacy scenario 3"
"393",0.98,0.0848672711271471,"Dose-toxicity scenario 1","Dose-efficacy scenario 3"
"394",1,0.0770582285692248,"Dose-toxicity scenario 1","Dose-efficacy scenario 3"
"395",0.95,0.134766506065965,"Dose-toxicity scenario 1","Dose-efficacy scenario 3"
"396",0.96,0.129988384436695,"Dose-toxicity scenario 1","Dose-efficacy scenario 3"
"397",0.98,0.0929866759169523,"Dose-toxicity scenario 1","Dose-efficacy scenario 3"
"398",0,0.972119198009662,"Dose-toxicity scenario 1","Dose-efficacy scenario 3"
"399",1,0.198627521697784,"Dose-toxicity scenario 1","Dose-efficacy scenario 3"
"400",0.97,0.14635452952346,"Dose-toxicity scenario 1","Dose-efficacy scenario 3"
"401",1,0.00749340159082858,"Dose-toxicity scenario 1","Dose-efficacy scenario 3"
"402",1,0.112763114720794,"Dose-toxicity scenario 1","Dose-efficacy scenario 3"
"403",1,0.0677270352613779,"Dose-toxicity scenario 1","Dose-efficacy scenario 3"
"404",0,0.963832023784197,"Dose-toxicity scenario 1","Dose-efficacy scenario 3"
"405",0.98,0.162778473193152,"Dose-toxicity scenario 1","Dose-efficacy scenario 3"
"406",0.99,0.153898514594827,"Dose-toxicity scenario 1","Dose-efficacy scenario 3"
"407",1,0.145029311426782,"Dose-toxicity scenario 1","Dose-efficacy scenario 3"
"408",1,0.0342934463722271,"Dose-toxicity scenario 1","Dose-efficacy scenario 3"
"409",0.99,0.00417046756037548,"Dose-toxicity scenario 1","Dose-efficacy scenario 3"
"410",0.87,0.00562128268686922,"Dose-toxicity scenario 1","Dose-efficacy scenario 3"
"411",0.04,0.988331509136026,"Dose-toxicity scenario 1","Dose-efficacy scenario 3"
"412",0.62,0.343295952981535,"Dose-toxicity scenario 1","Dose-efficacy scenario 3"
"413",0.91,0.0935661948234425,"Dose-toxicity scenario 1","Dose-efficacy scenario 3"
"414",0.92,0.0865817545183585,"Dose-toxicity scenario 1","Dose-efficacy scenario 3"
"415",0.98,0.118137363371639,"Dose-toxicity scenario 1","Dose-efficacy scenario 3"
"416",1,0.106974483594333,"Dose-toxicity scenario 1","Dose-efficacy scenario 3"
"417",1,0.0414010191145047,"Dose-toxicity scenario 1","Dose-efficacy scenario 3"
"418",1,0.108917959863431,"Dose-toxicity scenario 1","Dose-efficacy scenario 3"
"419",0.93,0.168039898697238,"Dose-toxicity scenario 1","Dose-efficacy scenario 3"
"420",1,0.0436952343495201,"Dose-toxicity scenario 1","Dose-efficacy scenario 3"
"421",0.07,0.993712378131315,"Dose-toxicity scenario 1","Dose-efficacy scenario 3"
"422",1,0.0344453532064554,"Dose-toxicity scenario 1","Dose-efficacy scenario 3"
"423",0.87,0.0100973895210377,"Dose-toxicity scenario 1","Dose-efficacy scenario 3"
"424",0.21,0.990804106683912,"Dose-toxicity scenario 1","Dose-efficacy scenario 3"
"425",0.11,0.984442759209639,"Dose-toxicity scenario 1","Dose-efficacy scenario 3"
"426",0,0.864075568662296,"Dose-toxicity scenario 1","Dose-efficacy scenario 3"
"427",0.87,0.00405981217195628,"Dose-toxicity scenario 1","Dose-efficacy scenario 3"
"428",1,0.210874389916766,"Dose-toxicity scenario 1","Dose-efficacy scenario 3"
"429",1,0.0938715842639589,"Dose-toxicity scenario 1","Dose-efficacy scenario 3"
"430",0.13,0.835119736011593,"Dose-toxicity scenario 1","Dose-efficacy scenario 3"
"431",0.14,0.823325275538736,"Dose-toxicity scenario 1","Dose-efficacy scenario 3"
"432",0.65,0.3048315807195,"Dose-toxicity scenario 1","Dose-efficacy scenario 3"
"433",0,0.835180363667132,"Dose-toxicity scenario 1","Dose-efficacy scenario 3"
"434",0.53,0.337872896951312,"Dose-toxicity scenario 1","Dose-efficacy scenario 3"
"435",0.73,0.235739207787981,"Dose-toxicity scenario 1","Dose-efficacy scenario 3"
"436",0.57,0.299072751690279,"Dose-toxicity scenario 1","Dose-efficacy scenario 3"
"437",0.02,0.991762315369646,"Dose-toxicity scenario 1","Dose-efficacy scenario 3"
"438",1,0.0831432493064316,"Dose-toxicity scenario 1","Dose-efficacy scenario 3"
"439",1,0.0340980426848392,"Dose-toxicity scenario 1","Dose-efficacy scenario 3"
"440",0.92,0.00237245541615335,"Dose-toxicity scenario 1","Dose-efficacy scenario 3"
"441",1,0.0880607400489325,"Dose-toxicity scenario 1","Dose-efficacy scenario 3"
"442",1,0.00105449126565869,"Dose-toxicity scenario 1","Dose-efficacy scenario 3"
"443",1,0.0373782907454238,"Dose-toxicity scenario 1","Dose-efficacy scenario 3"
"444",0.97,0.00723388251777567,"Dose-toxicity scenario 1","Dose-efficacy scenario 3"
"445",1,0.0116380976573784,"Dose-toxicity scenario 1","Dose-efficacy scenario 3"
"446",0.16,0.991060723752414,"Dose-toxicity scenario 1","Dose-efficacy scenario 3"
"447",0,0.954562837588383,"Dose-toxicity scenario 1","Dose-efficacy scenario 3"
"448",0.09,0.988227861504996,"Dose-toxicity scenario 1","Dose-efficacy scenario 3"
"449",1,0.091909246074912,"Dose-toxicity scenario 1","Dose-efficacy scenario 3"
"450",0.63,0.379458541406495,"Dose-toxicity scenario 1","Dose-efficacy scenario 3"
"451",0.85,0.00582213164040817,"Dose-toxicity scenario 1","Dose-efficacy scenario 3"
"452",1,0.273799872849467,"Dose-toxicity scenario 1","Dose-efficacy scenario 3"
"453",0,0.946943353703499,"Dose-toxicity scenario 1","Dose-efficacy scenario 3"
"454",0,0.980333138538861,"Dose-toxicity scenario 1","Dose-efficacy scenario 3"
"455",0.95,0.135310258559394,"Dose-toxicity scenario 1","Dose-efficacy scenario 3"
"456",0.96,0.125937768022065,"Dose-toxicity scenario 1","Dose-efficacy scenario 3"
"457",0,0.997882386201047,"Dose-toxicity scenario 1","Dose-efficacy scenario 3"
"458",1,0.0399970345009024,"Dose-toxicity scenario 1","Dose-efficacy scenario 3"
"459",0.02,0.994063949648228,"Dose-toxicity scenario 1","Dose-efficacy scenario 3"
"460",0.12,0.994194038586704,"Dose-toxicity scenario 1","Dose-efficacy scenario 3"
"461",0.98,0.00718510874911859,"Dose-toxicity scenario 1","Dose-efficacy scenario 3"
"462",0.89,0.130467031440508,"Dose-toxicity scenario 1","Dose-efficacy scenario 3"
"463",1,0.124025699731123,"Dose-toxicity scenario 1","Dose-efficacy scenario 3"
"464",0.97,0.164348755365063,"Dose-toxicity scenario 1","Dose-efficacy scenario 3"
"465",0.13,0.998913440506417,"Dose-toxicity scenario 1","Dose-efficacy scenario 3"
"466",0.1,0.998042297169365,"Dose-toxicity scenario 1","Dose-efficacy scenario 3"
"467",0.94,0.0100798597389822,"Dose-toxicity scenario 1","Dose-efficacy scenario 3"
"468",1,0.0157657531457681,"Dose-toxicity scenario 1","Dose-efficacy scenario 3"
"469",0.94,0.00220543172415804,"Dose-toxicity scenario 1","Dose-efficacy scenario 3"
"470",0.82,0.0113052919249595,"Dose-toxicity scenario 1","Dose-efficacy scenario 3"
"471",0.6,0.413930872541129,"Dose-toxicity scenario 1","Dose-efficacy scenario 3"
"472",0.09,0.987991593511176,"Dose-toxicity scenario 1","Dose-efficacy scenario 3"
"473",1,0.00814449362437857,"Dose-toxicity scenario 1","Dose-efficacy scenario 3"
"474",0,0.95669943918222,"Dose-toxicity scenario 1","Dose-efficacy scenario 3"
"475",0.9,0.00300058050577723,"Dose-toxicity scenario 1","Dose-efficacy scenario 3"
"476",1,0.154403098467372,"Dose-toxicity scenario 1","Dose-efficacy scenario 3"
"477",1,0.177357696947756,"Dose-toxicity scenario 1","Dose-efficacy scenario 3"
"478",1,0.0908833881381235,"Dose-toxicity scenario 1","Dose-efficacy scenario 3"
"479",0.17,0.993015403414252,"Dose-toxicity scenario 1","Dose-efficacy scenario 3"
"480",0,0.871759930311425,"Dose-toxicity scenario 1","Dose-efficacy scenario 3"
"481",0.79,0.00691534190932846,"Dose-toxicity scenario 1","Dose-efficacy scenario 3"
"482",0.31,0.97961716712665,"Dose-toxicity scenario 1","Dose-efficacy scenario 3"
"483",0.93,0.00189542735690766,"Dose-toxicity scenario 1","Dose-efficacy scenario 3"
"484",0.57,0.456190653426765,"Dose-toxicity scenario 1","Dose-efficacy scenario 3"
"485",0.14,0.988028307018938,"Dose-toxicity scenario 1","Dose-efficacy scenario 3"
"486",0.11,0.976071313466748,"Dose-toxicity scenario 1","Dose-efficacy scenario 3"
"487",0,0.892771895185984,"Dose-toxicity scenario 1","Dose-efficacy scenario 3"
"488",1,0.0836683523867011,"Dose-toxicity scenario 1","Dose-efficacy scenario 3"
"489",0,0.928166616061345,"Dose-toxicity scenario 1","Dose-efficacy scenario 3"
"490",0.7,0.326391113595836,"Dose-toxicity scenario 1","Dose-efficacy scenario 3"
"491",0.15,0.984993733898761,"Dose-toxicity scenario 1","Dose-efficacy scenario 3"
"492",0.16,0.972778054937055,"Dose-toxicity scenario 1","Dose-efficacy scenario 3"
"493",0.92,0.00530961604695267,"Dose-toxicity scenario 1","Dose-efficacy scenario 3"
"494",1,0.0991140132912843,"Dose-toxicity scenario 1","Dose-efficacy scenario 3"
"495",0.88,0.00162796976062804,"Dose-toxicity scenario 1","Dose-efficacy scenario 3"
"496",1,0.243868986434234,"Dose-toxicity scenario 1","Dose-efficacy scenario 3"
"497",0,0.977674850075068,"Dose-toxicity scenario 1","Dose-efficacy scenario 3"
"498",0.07,0.986205032654041,"Dose-toxicity scenario 1","Dose-efficacy scenario 3"
"499",1,0.0628479608251361,"Dose-toxicity scenario 1","Dose-efficacy scenario 3"
"500",0.35,0.594365859650856,"Dose-toxicity scenario 1","Dose-efficacy scenario 3"
"501",0.81,0.0100389375144231,"Dose-toxicity scenario 1","Dose-efficacy scenario 3"
"502",0.17,0.881770918792821,"Dose-toxicity scenario 1","Dose-efficacy scenario 3"
"503",0.18,0.870917953696221,"Dose-toxicity scenario 1","Dose-efficacy scenario 3"
"504",0.02,0.991890883645353,"Dose-toxicity scenario 1","Dose-efficacy scenario 3"
"505",0,0.874218025177166,"Dose-toxicity scenario 1","Dose-efficacy scenario 3"
"506",1,0.0622871181791495,"Dose-toxicity scenario 1","Dose-efficacy scenario 3"
"507",0.78,0.218158130540789,"Dose-toxicity scenario 1","Dose-efficacy scenario 3"
"508",0.93,0.000372024503920912,"Dose-toxicity scenario 1","Dose-efficacy scenario 3"
"509",1,0.0566970116578848,"Dose-toxicity scenario 1","Dose-efficacy scenario 3"
"510",0.71,0.00913167072756414,"Dose-toxicity scenario 1","Dose-efficacy scenario 3"
"511",0.4,0.60087229876851,"Dose-toxicity scenario 1","Dose-efficacy scenario 3"
"512",0,0.926082561670312,"Dose-toxicity scenario 1","Dose-efficacy scenario 3"
"513",0.87,0.00240089506746577,"Dose-toxicity scenario 1","Dose-efficacy scenario 3"
"514",0.69,0.290658275845919,"Dose-toxicity scenario 1","Dose-efficacy scenario 3"
"515",1,0.0353141941617359,"Dose-toxicity scenario 1","Dose-efficacy scenario 3"
"516",1,0.155080128674402,"Dose-toxicity scenario 1","Dose-efficacy scenario 3"
"517",0,0.834261314015892,"Dose-toxicity scenario 1","Dose-efficacy scenario 3"
"518",1,0.0132678188508547,"Dose-toxicity scenario 1","Dose-efficacy scenario 3"
"519",1,0.0153147128508874,"Dose-toxicity scenario 1","Dose-efficacy scenario 3"
"520",0.19,0.991044467573004,"Dose-toxicity scenario 1","Dose-efficacy scenario 3"
"521",1,0.0202362940681942,"Dose-toxicity scenario 1","Dose-efficacy scenario 3"
"522",1,0.0726459254766015,"Dose-toxicity scenario 1","Dose-efficacy scenario 3"
"523",0,0.738479951046221,"Dose-toxicity scenario 1","Dose-efficacy scenario 3"
"524",0.01,0.730197874626989,"Dose-toxicity scenario 1","Dose-efficacy scenario 3"
"525",1,0.00947384083873411,"Dose-toxicity scenario 1","Dose-efficacy scenario 3"
"526",0,0.868577665627263,"Dose-toxicity scenario 1","Dose-efficacy scenario 3"
"527",0,0.757871770093047,"Dose-toxicity scenario 1","Dose-efficacy scenario 3"
"528",0.82,0.154914901390192,"Dose-toxicity scenario 1","Dose-efficacy scenario 3"
"529",1,0.0849331885978665,"Dose-toxicity scenario 1","Dose-efficacy scenario 3"
"530",0.1,0.985778515742932,"Dose-toxicity scenario 1","Dose-efficacy scenario 3"
"531",0.58,0.414045532516686,"Dose-toxicity scenario 1","Dose-efficacy scenario 3"
"532",0.59,0.406610690745351,"Dose-toxicity scenario 1","Dose-efficacy scenario 3"
"533",1,0.13381500971149,"Dose-toxicity scenario 1","Dose-efficacy scenario 3"
"534",0.88,0.141991697785742,"Dose-toxicity scenario 1","Dose-efficacy scenario 3"
"535",0.05,0.896665377143856,"Dose-toxicity scenario 1","Dose-efficacy scenario 3"
"536",0.06,0.885655244984415,"Dose-toxicity scenario 1","Dose-efficacy scenario 3"
"537",0,0.954850940823609,"Dose-toxicity scenario 1","Dose-efficacy scenario 3"
"538",0.86,0.218010436714781,"Dose-toxicity scenario 1","Dose-efficacy scenario 3"
"539",0.87,0.212436002021702,"Dose-toxicity scenario 1","Dose-efficacy scenario 3"
"540",1,0.188051416993938,"Dose-toxicity scenario 1","Dose-efficacy scenario 3"
"541",0.91,0.218145925835191,"Dose-toxicity scenario 1","Dose-efficacy scenario 3"
"542",0.92,0.212527157476086,"Dose-toxicity scenario 1","Dose-efficacy scenario 3"
"543",0.93,0.206919113726338,"Dose-toxicity scenario 1","Dose-efficacy scenario 3"
"544",0.94,0.20132176390994,"Dose-toxicity scenario 1","Dose-efficacy scenario 3"
"545",0.95,0.195735077467766,"Dose-toxicity scenario 1","Dose-efficacy scenario 3"
"546",0.96,0.190159023957014,"Dose-toxicity scenario 1","Dose-efficacy scenario 3"
"547",0.97,0.184593573050652,"Dose-toxicity scenario 1","Dose-efficacy scenario 3"
"548",0.98,0.179038694536871,"Dose-toxicity scenario 1","Dose-efficacy scenario 3"
"549",0.99,0.173494358318536,"Dose-toxicity scenario 1","Dose-efficacy scenario 3"
"550",1,0.167960534412642,"Dose-toxicity scenario 1","Dose-efficacy scenario 3"
"551",0.62,0.340022143485487,"Dose-toxicity scenario 1","Dose-efficacy scenario 3"
"552",0.03,0.988891679074429,"Dose-toxicity scenario 1","Dose-efficacy scenario 3"
"553",1,0.0250824018447008,"Dose-toxicity scenario 1","Dose-efficacy scenario 3"
"554",0.18,0.977895417751989,"Dose-toxicity scenario 1","Dose-efficacy scenario 3"
"555",0.99,0.191760922699369,"Dose-toxicity scenario 1","Dose-efficacy scenario 3"
"556",1,0.186058917741012,"Dose-toxicity scenario 1","Dose-efficacy scenario 3"
"557",0.8,0.0106586170921553,"Dose-toxicity scenario 1","Dose-efficacy scenario 3"
"558",0.99,0.00206731780264259,"Dose-toxicity scenario 1","Dose-efficacy scenario 3"
"559",1,0.012953640370423,"Dose-toxicity scenario 1","Dose-efficacy scenario 3"
"560",1,0.0145826905586441,"Dose-toxicity scenario 1","Dose-efficacy scenario 3"
"561",1,0.0861933830659874,"Dose-toxicity scenario 1","Dose-efficacy scenario 3"
"562",1,0.171162678169207,"Dose-toxicity scenario 1","Dose-efficacy scenario 3"
"563",1,0.0736651277669479,"Dose-toxicity scenario 1","Dose-efficacy scenario 3"
"564",1,0.0277002863905644,"Dose-toxicity scenario 1","Dose-efficacy scenario 3"
"565",0,0.912011777273354,"Dose-toxicity scenario 1","Dose-efficacy scenario 3"
"566",0.85,0.227928661805436,"Dose-toxicity scenario 1","Dose-efficacy scenario 3"
"567",1,0.115747432858798,"Dose-toxicity scenario 1","Dose-efficacy scenario 3"
"568",0.06,0.987761769402272,"Dose-toxicity scenario 1","Dose-efficacy scenario 3"
"569",1,0.103801672345745,"Dose-toxicity scenario 1","Dose-efficacy scenario 3"
"570",0,0.933400864439723,"Dose-toxicity scenario 1","Dose-efficacy scenario 3"
"571",1,0.0549082433051556,"Dose-toxicity scenario 1","Dose-efficacy scenario 3"
"572",1,0.117392244039841,"Dose-toxicity scenario 1","Dose-efficacy scenario 3"
"573",1,0.0195223862356274,"Dose-toxicity scenario 1","Dose-efficacy scenario 3"
"574",0.11,0.983383034841421,"Dose-toxicity scenario 1","Dose-efficacy scenario 3"
"575",1,0.0356778280840735,"Dose-toxicity scenario 1","Dose-efficacy scenario 3"
"576",0.87,0.143792132515551,"Dose-toxicity scenario 1","Dose-efficacy scenario 3"
"577",0.85,0.00671524425012309,"Dose-toxicity scenario 1","Dose-efficacy scenario 3"
"578",0.81,0.0104537441610985,"Dose-toxicity scenario 1","Dose-efficacy scenario 3"
"579",0.83,0.00582607675121169,"Dose-toxicity scenario 1","Dose-efficacy scenario 3"
"580",0,0.988239541817406,"Dose-toxicity scenario 1","Dose-efficacy scenario 3"
"581",0.94,0.00222599749845514,"Dose-toxicity scenario 1","Dose-efficacy scenario 3"
"582",0.03,0.988570945704577,"Dose-toxicity scenario 1","Dose-efficacy scenario 3"
"583",0.58,0.408612085420608,"Dose-toxicity scenario 1","Dose-efficacy scenario 3"
"584",0.26,0.745686271288991,"Dose-toxicity scenario 1","Dose-efficacy scenario 3"
"585",0,0.939804176987181,"Dose-toxicity scenario 1","Dose-efficacy scenario 3"
"586",0.02,0.992300174537704,"Dose-toxicity scenario 1","Dose-efficacy scenario 3"
"587",0,0.964076350556186,"Dose-toxicity scenario 1","Dose-efficacy scenario 3"
"588",1,0.176714909738288,"Dose-toxicity scenario 1","Dose-efficacy scenario 3"
"589",0.93,0.00411521892005268,"Dose-toxicity scenario 1","Dose-efficacy scenario 3"
"590",0.98,0.119448343354623,"Dose-toxicity scenario 1","Dose-efficacy scenario 3"
"591",0.99,0.113538052215956,"Dose-toxicity scenario 1","Dose-efficacy scenario 3"
"592",1,0.107630159988796,"Dose-toxicity scenario 1","Dose-efficacy scenario 3"
"593",0.07,0.996885692130155,"Dose-toxicity scenario 1","Dose-efficacy scenario 3"
"594",0.15,0.994828959931798,"Dose-toxicity scenario 1","Dose-efficacy scenario 3"
"595",0.9,0.00559065193211222,"Dose-toxicity scenario 1","Dose-efficacy scenario 3"
"596",1,0.00396949907193806,"Dose-toxicity scenario 1","Dose-efficacy scenario 3"
"597",1,0.0799687507580732,"Dose-toxicity scenario 1","Dose-efficacy scenario 3"
"598",0.08,0.99888825885975,"Dose-toxicity scenario 1","Dose-efficacy scenario 3"
"599",0.03,0.994823729293988,"Dose-toxicity scenario 1","Dose-efficacy scenario 3"
"600",0.02,0.98572109820027,"Dose-toxicity scenario 1","Dose-efficacy scenario 3"
"601",0.72,0.260349265015992,"Dose-toxicity scenario 1","Dose-efficacy scenario 3"
"602",1,0.0318029204749147,"Dose-toxicity scenario 1","Dose-efficacy scenario 3"
"603",0.08,0.994868886587797,"Dose-toxicity scenario 1","Dose-efficacy scenario 3"
"604",0.91,0.0921618297743801,"Dose-toxicity scenario 1","Dose-efficacy scenario 3"
"605",0.15,0.985868951451314,"Dose-toxicity scenario 1","Dose-efficacy scenario 3"
"606",0.07,0.978905130195702,"Dose-toxicity scenario 1","Dose-efficacy scenario 3"
"607",1,0.0241578393855575,"Dose-toxicity scenario 1","Dose-efficacy scenario 3"
"608",0.99,0.00533630872615619,"Dose-toxicity scenario 1","Dose-efficacy scenario 3"
"609",0.27,0.794375472204283,"Dose-toxicity scenario 1","Dose-efficacy scenario 3"
"610",0.28,0.779953621842731,"Dose-toxicity scenario 1","Dose-efficacy scenario 3"
"611",0,0.93824621623791,"Dose-toxicity scenario 1","Dose-efficacy scenario 3"
"612",0.05,0.997618535158558,"Dose-toxicity scenario 1","Dose-efficacy scenario 3"
"613",0.02,0.987989506048264,"Dose-toxicity scenario 1","Dose-efficacy scenario 3"
"614",0.17,0.993451386468415,"Dose-toxicity scenario 1","Dose-efficacy scenario 3"
"615",1,0.0839639633514725,"Dose-toxicity scenario 1","Dose-efficacy scenario 3"
"616",0.56,0.428522335239054,"Dose-toxicity scenario 1","Dose-efficacy scenario 3"
"617",0.17,0.987736561284313,"Dose-toxicity scenario 1","Dose-efficacy scenario 3"
"618",0,0.948092671008195,"Dose-toxicity scenario 1","Dose-efficacy scenario 3"
"619",0.93,0.00699869995251064,"Dose-toxicity scenario 1","Dose-efficacy scenario 3"
"620",1,0.110681533528388,"Dose-toxicity scenario 1","Dose-efficacy scenario 3"
"621",1,0.00482065307125647,"Dose-toxicity scenario 1","Dose-efficacy scenario 3"
"622",0.2,0.897718006990339,"Dose-toxicity scenario 1","Dose-efficacy scenario 3"
"623",0.22,0.871017372170234,"Dose-toxicity scenario 1","Dose-efficacy scenario 3"
"624",0.02,0.988391514870618,"Dose-toxicity scenario 1","Dose-efficacy scenario 3"
"625",1,0.0711811369547364,"Dose-toxicity scenario 1","Dose-efficacy scenario 3"
"626",0,0.937628612022564,"Dose-toxicity scenario 1","Dose-efficacy scenario 3"
"627",1,0.207889714880299,"Dose-toxicity scenario 1","Dose-efficacy scenario 3"
"628",1,0.0318165259521515,"Dose-toxicity scenario 1","Dose-efficacy scenario 3"
"629",0.89,0.00226388828274102,"Dose-toxicity scenario 1","Dose-efficacy scenario 3"
"630",0.06,0.992080089466673,"Dose-toxicity scenario 1","Dose-efficacy scenario 3"
"631",0.01,0.997243419187413,"Dose-toxicity scenario 1","Dose-efficacy scenario 3"
"632",1,0.158551047256025,"Dose-toxicity scenario 1","Dose-efficacy scenario 3"
"633",0.12,0.993431892835613,"Dose-toxicity scenario 1","Dose-efficacy scenario 3"
"634",1,0.033843739239433,"Dose-toxicity scenario 1","Dose-efficacy scenario 3"
"635",1,0.19810831441096,"Dose-toxicity scenario 1","Dose-efficacy scenario 3"
"636",0.08,0.9903628827664,"Dose-toxicity scenario 1","Dose-efficacy scenario 3"
"637",0,0.780706844366584,"Dose-toxicity scenario 1","Dose-efficacy scenario 3"
"638",0.98,0.00623069864868808,"Dose-toxicity scenario 1","Dose-efficacy scenario 3"
"639",0.54,0.354864264815197,"Dose-toxicity scenario 1","Dose-efficacy scenario 3"
"640",0.55,0.344704992053882,"Dose-toxicity scenario 1","Dose-efficacy scenario 3"
"641",0.94,0.000298217990198446,"Dose-toxicity scenario 1","Dose-efficacy scenario 3"
"642",0.84,0.0058895240506838,"Dose-toxicity scenario 1","Dose-efficacy scenario 3"
"643",1,0.000982463545717324,"Dose-toxicity scenario 1","Dose-efficacy scenario 3"
"644",0.8,0.00673141130852703,"Dose-toxicity scenario 1","Dose-efficacy scenario 3"
"645",1,0.051283267968467,"Dose-toxicity scenario 1","Dose-efficacy scenario 3"
"646",1,0.0432925387372805,"Dose-toxicity scenario 1","Dose-efficacy scenario 3"
"647",1,0.0404048488687996,"Dose-toxicity scenario 1","Dose-efficacy scenario 3"
"648",1,0.0279932646009344,"Dose-toxicity scenario 1","Dose-efficacy scenario 3"
"649",0.98,0.00834259350066873,"Dose-toxicity scenario 1","Dose-efficacy scenario 3"
"650",0.98,0.133338536877507,"Dose-toxicity scenario 1","Dose-efficacy scenario 3"
"651",0.94,0.00856158548035829,"Dose-toxicity scenario 1","Dose-efficacy scenario 3"
"652",1,0.0915882073491564,"Dose-toxicity scenario 1","Dose-efficacy scenario 3"
"653",0.16,0.986689353579994,"Dose-toxicity scenario 1","Dose-efficacy scenario 3"
"654",0.52,0.388643592048458,"Dose-toxicity scenario 1","Dose-efficacy scenario 3"
"655",1,0.015865929032837,"Dose-toxicity scenario 1","Dose-efficacy scenario 3"
"656",0.13,0.994799347142892,"Dose-toxicity scenario 1","Dose-efficacy scenario 3"
"657",0.32,0.61920639637021,"Dose-toxicity scenario 1","Dose-efficacy scenario 3"
"658",0.03,0.977118356660393,"Dose-toxicity scenario 1","Dose-efficacy scenario 3"
"659",0.98,0.173455522323872,"Dose-toxicity scenario 1","Dose-efficacy scenario 3"
"660",0.99,0.16807352372626,"Dose-toxicity scenario 1","Dose-efficacy scenario 3"
"661",1,0.162692972374092,"Dose-toxicity scenario 1","Dose-efficacy scenario 3"
"662",1,0.0683867599981028,"Dose-toxicity scenario 1","Dose-efficacy scenario 3"
"663",0,0.972142393546787,"Dose-toxicity scenario 1","Dose-efficacy scenario 3"
"664",1,0.110529093429145,"Dose-toxicity scenario 1","Dose-efficacy scenario 3"
"665",0,0.778220634376799,"Dose-toxicity scenario 1","Dose-efficacy scenario 3"
"666",0.95,0.00186612241045985,"Dose-toxicity scenario 1","Dose-efficacy scenario 3"
"667",1,0.136231403473971,"Dose-toxicity scenario 1","Dose-efficacy scenario 3"
"668",0.59,0.455430657062668,"Dose-toxicity scenario 1","Dose-efficacy scenario 3"
"669",1,0.0677829350391907,"Dose-toxicity scenario 1","Dose-efficacy scenario 3"
"670",0.29,0.851381532671163,"Dose-toxicity scenario 1","Dose-efficacy scenario 3"
"671",0.95,0.105406600517843,"Dose-toxicity scenario 1","Dose-efficacy scenario 3"
"672",1,0.0517899215244456,"Dose-toxicity scenario 1","Dose-efficacy scenario 3"
"673",0,0.766590754862849,"Dose-toxicity scenario 1","Dose-efficacy scenario 3"
"674",0.09,0.988655756263909,"Dose-toxicity scenario 1","Dose-efficacy scenario 3"
"675",1,0.0431006031874337,"Dose-toxicity scenario 1","Dose-efficacy scenario 3"
"676",0.67,0.295343440139414,"Dose-toxicity scenario 1","Dose-efficacy scenario 3"
"677",1,0.0767080985527658,"Dose-toxicity scenario 1","Dose-efficacy scenario 3"
"678",0.96,0.0175275426100446,"Dose-toxicity scenario 1","Dose-efficacy scenario 3"
"679",0.96,0.00103756508552726,"Dose-toxicity scenario 1","Dose-efficacy scenario 3"
"680",0.01,0.999251016170926,"Dose-toxicity scenario 1","Dose-efficacy scenario 3"
"681",0.12,0.978697224693795,"Dose-toxicity scenario 1","Dose-efficacy scenario 3"
"682",0.64,0.362336330833965,"Dose-toxicity scenario 1","Dose-efficacy scenario 3"
"683",0.04,0.987031429734778,"Dose-toxicity scenario 1","Dose-efficacy scenario 3"
"684",1,0.00705291823455861,"Dose-toxicity scenario 1","Dose-efficacy scenario 3"
"685",1,0.0853882609857348,"Dose-toxicity scenario 1","Dose-efficacy scenario 3"
"686",0.91,0.00119478812450694,"Dose-toxicity scenario 1","Dose-efficacy scenario 3"
"687",1,0.0730336653543412,"Dose-toxicity scenario 1","Dose-efficacy scenario 3"
"688",0.75,0.233108265336986,"Dose-toxicity scenario 1","Dose-efficacy scenario 3"
"689",1,0.00824356472228246,"Dose-toxicity scenario 1","Dose-efficacy scenario 3"
"690",0.8,0.218282333585657,"Dose-toxicity scenario 1","Dose-efficacy scenario 3"
"691",1,0.117341193668016,"Dose-toxicity scenario 1","Dose-efficacy scenario 3"
"692",1,0.0428510497042869,"Dose-toxicity scenario 1","Dose-efficacy scenario 3"
"693",0.92,0.00891333233792991,"Dose-toxicity scenario 1","Dose-efficacy scenario 3"
"694",1,0.0201678257943893,"Dose-toxicity scenario 1","Dose-efficacy scenario 3"
"695",0.97,0.00590674836753567,"Dose-toxicity scenario 1","Dose-efficacy scenario 3"
"696",0.95,0.00284067809390499,"Dose-toxicity scenario 1","Dose-efficacy scenario 3"
"697",0.96,0.00281779720272915,"Dose-toxicity scenario 1","Dose-efficacy scenario 3"
"698",0,0.92382626709665,"Dose-toxicity scenario 1","Dose-efficacy scenario 3"
"699",0.01,0.912689056434364,"Dose-toxicity scenario 1","Dose-efficacy scenario 3"
"700",0.02,0.901551846827482,"Dose-toxicity scenario 1","Dose-efficacy scenario 3"
"701",0.03,0.890414638276004,"Dose-toxicity scenario 1","Dose-efficacy scenario 3"
"702",0.04,0.87927743077993,"Dose-toxicity scenario 1","Dose-efficacy scenario 3"
"703",0.05,0.868140224339259,"Dose-toxicity scenario 1","Dose-efficacy scenario 3"
"704",0.06,0.857003018953991,"Dose-toxicity scenario 1","Dose-efficacy scenario 3"
"705",0.07,0.999950010974288,"Dose-toxicity scenario 1","Dose-efficacy scenario 3"
"706",0.94,0.00678360310026005,"Dose-toxicity scenario 1","Dose-efficacy scenario 3"
"707",0.91,0.00353056959868185,"Dose-toxicity scenario 1","Dose-efficacy scenario 3"
"708",0.93,0.00517442341157977,"Dose-toxicity scenario 1","Dose-efficacy scenario 3"
"709",0.1,0.989438423350163,"Dose-toxicity scenario 1","Dose-efficacy scenario 3"
"710",0.85,0.00871309537521836,"Dose-toxicity scenario 1","Dose-efficacy scenario 3"
"711",0.16,0.982918578342434,"Dose-toxicity scenario 1","Dose-efficacy scenario 3"
"712",0.74,0.25410466950938,"Dose-toxicity scenario 1","Dose-efficacy scenario 3"
"713",0.95,0.0949506034063711,"Dose-toxicity scenario 1","Dose-efficacy scenario 3"
"714",0.15,0.996255553103281,"Dose-toxicity scenario 1","Dose-efficacy scenario 3"
"715",0.88,0.00297963752523257,"Dose-toxicity scenario 1","Dose-efficacy scenario 3"
"716",0.98,0.0950127845766022,"Dose-toxicity scenario 1","Dose-efficacy scenario 3"
"717",0.99,0.0887565743364311,"Dose-toxicity scenario 1","Dose-efficacy scenario 3"
"718",1,0.0825116966432069,"Dose-toxicity scenario 1","Dose-efficacy scenario 3"
"719",0.58,0.304805590256079,"Dose-toxicity scenario 1","Dose-efficacy scenario 3"
"720",0,0.971808891624764,"Dose-toxicity scenario 1","Dose-efficacy scenario 3"
"721",0.92,0.147619726561723,"Dose-toxicity scenario 1","Dose-efficacy scenario 3"
"722",0.15,0.988080578723433,"Dose-toxicity scenario 1","Dose-efficacy scenario 3"
"723",0.76,0.228756260598287,"Dose-toxicity scenario 1","Dose-efficacy scenario 3"
"724",1,0.0242469921893339,"Dose-toxicity scenario 1","Dose-efficacy scenario 3"
"725",0.15,0.992858780170184,"Dose-toxicity scenario 1","Dose-efficacy scenario 3"
"726",0.98,0.00808799516801615,"Dose-toxicity scenario 1","Dose-efficacy scenario 3"
"727",0,0.82717903716307,"Dose-toxicity scenario 1","Dose-efficacy scenario 3"
"728",1,0.111405408328714,"Dose-toxicity scenario 1","Dose-efficacy scenario 3"
"729",1,0.00487646463905014,"Dose-toxicity scenario 1","Dose-efficacy scenario 3"
"730",0.85,0.00517857333758404,"Dose-toxicity scenario 1","Dose-efficacy scenario 3"
"731",1,0.0178379444221695,"Dose-toxicity scenario 1","Dose-efficacy scenario 3"
"732",1,0.072035993828787,"Dose-toxicity scenario 1","Dose-efficacy scenario 3"
"733",0.08,0.988264805083676,"Dose-toxicity scenario 1","Dose-efficacy scenario 3"
"734",1,0.0390189484046267,"Dose-toxicity scenario 1","Dose-efficacy scenario 3"
"735",1,0.0673780988990751,"Dose-toxicity scenario 1","Dose-efficacy scenario 3"
"736",0.98,0.00651622644047196,"Dose-toxicity scenario 1","Dose-efficacy scenario 3"
"737",1,0.0626201973591421,"Dose-toxicity scenario 1","Dose-efficacy scenario 3"
"738",0.06,0.985702524565839,"Dose-toxicity scenario 1","Dose-efficacy scenario 3"
"739",1,0.0319145088931949,"Dose-toxicity scenario 1","Dose-efficacy scenario 3"
"740",0.95,0.00380097243259792,"Dose-toxicity scenario 1","Dose-efficacy scenario 3"
"741",0,0.995215199101587,"Dose-toxicity scenario 1","Dose-efficacy scenario 3"
"742",0.98,0.0591017851055899,"Dose-toxicity scenario 1","Dose-efficacy scenario 3"
"743",0.89,0.00166497828383614,"Dose-toxicity scenario 1","Dose-efficacy scenario 3"
"744",0,0.979510649887977,"Dose-toxicity scenario 1","Dose-efficacy scenario 3"
"745",0.7,0.197554156711878,"Dose-toxicity scenario 1","Dose-efficacy scenario 3"
"746",1,0.104498992676919,"Dose-toxicity scenario 1","Dose-efficacy scenario 3"
"747",0.98,0.0043614981695303,"Dose-toxicity scenario 1","Dose-efficacy scenario 3"
"748",0.33,0.857916521678758,"Dose-toxicity scenario 1","Dose-efficacy scenario 3"
"749",0.9,6.62216513023255e-05,"Dose-toxicity scenario 1","Dose-efficacy scenario 3"
"750",0.99,0.0480762903985989,"Dose-toxicity scenario 1","Dose-efficacy scenario 3"
"751",0.08,0.992707398438046,"Dose-toxicity scenario 1","Dose-efficacy scenario 3"
"752",0.68,0.34981788158409,"Dose-toxicity scenario 1","Dose-efficacy scenario 3"
"753",1,0.0343575924826463,"Dose-toxicity scenario 1","Dose-efficacy scenario 3"
"754",0.03,0.989892440652013,"Dose-toxicity scenario 1","Dose-efficacy scenario 3"
"755",0,0.958381696649835,"Dose-toxicity scenario 1","Dose-efficacy scenario 3"
"756",0.08,0.889625032011945,"Dose-toxicity scenario 1","Dose-efficacy scenario 3"
"757",1,0.404609583477641,"Dose-toxicity scenario 1","Dose-efficacy scenario 3"
"758",0.2,0.987150952843978,"Dose-toxicity scenario 1","Dose-efficacy scenario 3"
"759",0.93,0.0024829102118797,"Dose-toxicity scenario 1","Dose-efficacy scenario 3"
"760",0.72,0.250870888682017,"Dose-toxicity scenario 1","Dose-efficacy scenario 3"
"761",0.65,0.228545274580797,"Dose-toxicity scenario 1","Dose-efficacy scenario 3"
"762",1,0.0518127358796725,"Dose-toxicity scenario 1","Dose-efficacy scenario 3"
"763",0.85,0.00657343731030111,"Dose-toxicity scenario 1","Dose-efficacy scenario 3"
"764",0,0.866633468311213,"Dose-toxicity scenario 1","Dose-efficacy scenario 3"
"765",1,0.326317933704812,"Dose-toxicity scenario 1","Dose-efficacy scenario 3"
"766",0.04,0.99305640339213,"Dose-toxicity scenario 1","Dose-efficacy scenario 3"
"767",0.1,0.995534940914384,"Dose-toxicity scenario 1","Dose-efficacy scenario 3"
"768",0.85,0.0108754644897257,"Dose-toxicity scenario 1","Dose-efficacy scenario 3"
"769",0,0.8203096596076,"Dose-toxicity scenario 1","Dose-efficacy scenario 3"
"770",0.94,0.00195827421290687,"Dose-toxicity scenario 1","Dose-efficacy scenario 3"
"771",0.38,0.594835970227325,"Dose-toxicity scenario 1","Dose-efficacy scenario 3"
"772",0.07,0.993782699663741,"Dose-toxicity scenario 1","Dose-efficacy scenario 3"
"773",0,0.986822563378853,"Dose-toxicity scenario 1","Dose-efficacy scenario 3"
"774",1,0.0108574363466671,"Dose-toxicity scenario 1","Dose-efficacy scenario 3"
"775",0.96,0.00655970171758313,"Dose-toxicity scenario 1","Dose-efficacy scenario 3"
"776",1,0.103120336862316,"Dose-toxicity scenario 1","Dose-efficacy scenario 3"
"777",1,0.0230140463733665,"Dose-toxicity scenario 1","Dose-efficacy scenario 3"
"778",0.93,0.00923730397320411,"Dose-toxicity scenario 1","Dose-efficacy scenario 3"
"779",1,0.158941335770955,"Dose-toxicity scenario 1","Dose-efficacy scenario 3"
"780",0,0.71312685160402,"Dose-toxicity scenario 1","Dose-efficacy scenario 3"
"781",1,0.252152091183459,"Dose-toxicity scenario 1","Dose-efficacy scenario 3"
"782",0.95,0.000414046515860986,"Dose-toxicity scenario 1","Dose-efficacy scenario 3"
"783",1,0.0138054547527075,"Dose-toxicity scenario 1","Dose-efficacy scenario 3"
"784",1,0.167326750240529,"Dose-toxicity scenario 1","Dose-efficacy scenario 3"
"785",0.11,0.983395990080002,"Dose-toxicity scenario 1","Dose-efficacy scenario 3"
"786",0.87,0.00503227757881025,"Dose-toxicity scenario 1","Dose-efficacy scenario 3"
"787",0.89,0.105164947397622,"Dose-toxicity scenario 1","Dose-efficacy scenario 3"
"788",0.93,0.00662626585495309,"Dose-toxicity scenario 1","Dose-efficacy scenario 3"
"789",0.17,0.998913180771701,"Dose-toxicity scenario 1","Dose-efficacy scenario 3"
"790",0.12,0.990793047241981,"Dose-toxicity scenario 1","Dose-efficacy scenario 3"
"791",0.94,0.0236310890842856,"Dose-toxicity scenario 1","Dose-efficacy scenario 3"
"792",0.01,0.992469086789541,"Dose-toxicity scenario 1","Dose-efficacy scenario 3"
"793",0.88,0.012081978581601,"Dose-toxicity scenario 1","Dose-efficacy scenario 3"
"794",1,0.149697358122726,"Dose-toxicity scenario 1","Dose-efficacy scenario 3"
"795",0.05,0.994424180261626,"Dose-toxicity scenario 1","Dose-efficacy scenario 3"
"796",0.13,0.99324616181177,"Dose-toxicity scenario 1","Dose-efficacy scenario 3"
"797",0.01,0.996607386940237,"Dose-toxicity scenario 1","Dose-efficacy scenario 3"
"798",0.93,0.0550450611039684,"Dose-toxicity scenario 1","Dose-efficacy scenario 3"
"799",0.84,0.00571536588368306,"Dose-toxicity scenario 1","Dose-efficacy scenario 3"
"800",0.91,0.000862841539613421,"Dose-toxicity scenario 1","Dose-efficacy scenario 3"
"801",0.93,0.150389736755972,"Dose-toxicity scenario 1","Dose-efficacy scenario 3"
"802",0.94,0.144163459743261,"Dose-toxicity scenario 1","Dose-efficacy scenario 3"
"803",0.99,0.155470968034452,"Dose-toxicity scenario 1","Dose-efficacy scenario 3"
"804",1,0.15170513095272,"Dose-toxicity scenario 1","Dose-efficacy scenario 3"
"805",1,0.0205881644260988,"Dose-toxicity scenario 1","Dose-efficacy scenario 3"
"806",1,0.0711604996148501,"Dose-toxicity scenario 1","Dose-efficacy scenario 3"
"807",1,0.111295689340476,"Dose-toxicity scenario 1","Dose-efficacy scenario 3"
"808",0,0.911231207385545,"Dose-toxicity scenario 1","Dose-efficacy scenario 3"
"809",0.17,0.976750450540571,"Dose-toxicity scenario 1","Dose-efficacy scenario 3"
"810",1,0.0730347317103159,"Dose-toxicity scenario 1","Dose-efficacy scenario 3"
"811",1,0.0154498288156877,"Dose-toxicity scenario 1","Dose-efficacy scenario 3"
"812",0.98,0.128987491066202,"Dose-toxicity scenario 1","Dose-efficacy scenario 3"
"813",0.99,0.123631601364605,"Dose-toxicity scenario 1","Dose-efficacy scenario 3"
"814",1,0.11827695459817,"Dose-toxicity scenario 1","Dose-efficacy scenario 3"
"815",0.69,0.269092408301756,"Dose-toxicity scenario 1","Dose-efficacy scenario 3"
"816",1,0.0406967851316384,"Dose-toxicity scenario 1","Dose-efficacy scenario 3"
"817",0.24,0.998697937617539,"Dose-toxicity scenario 1","Dose-efficacy scenario 3"
"818",0,0.952212675792696,"Dose-toxicity scenario 1","Dose-efficacy scenario 3"
"819",0.66,0.3070106268323,"Dose-toxicity scenario 1","Dose-efficacy scenario 3"
"820",0.99,0.00574436486113638,"Dose-toxicity scenario 1","Dose-efficacy scenario 3"
"821",0.97,0.0865470358230036,"Dose-toxicity scenario 1","Dose-efficacy scenario 3"
"822",0.28,0.632499798459396,"Dose-toxicity scenario 1","Dose-efficacy scenario 3"
"823",1,0.0561587560582336,"Dose-toxicity scenario 1","Dose-efficacy scenario 3"
"824",0.98,0.00125414271255626,"Dose-toxicity scenario 1","Dose-efficacy scenario 3"
"825",1,0.0722176629152476,"Dose-toxicity scenario 1","Dose-efficacy scenario 3"
"826",0.86,0.00547180278881714,"Dose-toxicity scenario 1","Dose-efficacy scenario 3"
"827",0,0.864521047795228,"Dose-toxicity scenario 1","Dose-efficacy scenario 3"
"828",1,0.0167194050258514,"Dose-toxicity scenario 1","Dose-efficacy scenario 3"
"829",1,0.0274976616623146,"Dose-toxicity scenario 1","Dose-efficacy scenario 3"
"830",1,0.0907722465427111,"Dose-toxicity scenario 1","Dose-efficacy scenario 3"
"831",1,0.0854294843428009,"Dose-toxicity scenario 1","Dose-efficacy scenario 3"
"832",0.11,0.99519481443723,"Dose-toxicity scenario 1","Dose-efficacy scenario 3"
"833",1,0.0967348057956825,"Dose-toxicity scenario 1","Dose-efficacy scenario 3"
"834",0.09,0.991930969874667,"Dose-toxicity scenario 1","Dose-efficacy scenario 3"
"835",0.53,0.474215885043615,"Dose-toxicity scenario 1","Dose-efficacy scenario 3"
"836",1,0.0975601993180996,"Dose-toxicity scenario 1","Dose-efficacy scenario 3"
"837",1,0.0888363110438858,"Dose-toxicity scenario 1","Dose-efficacy scenario 3"
"838",1,0.0779854648119713,"Dose-toxicity scenario 1","Dose-efficacy scenario 3"
"839",1,0.107518739710987,"Dose-toxicity scenario 1","Dose-efficacy scenario 3"
"840",1,0.018639594750597,"Dose-toxicity scenario 1","Dose-efficacy scenario 3"
"841",0,0.905538011846377,"Dose-toxicity scenario 1","Dose-efficacy scenario 3"
"842",0.9,0.000866194628229454,"Dose-toxicity scenario 1","Dose-efficacy scenario 3"
"843",1,0.0334002832704894,"Dose-toxicity scenario 1","Dose-efficacy scenario 3"
"844",0.97,0.125607841245642,"Dose-toxicity scenario 1","Dose-efficacy scenario 3"
"845",0.98,0.118342330002808,"Dose-toxicity scenario 1","Dose-efficacy scenario 3"
"846",0.97,0.00110742978412725,"Dose-toxicity scenario 1","Dose-efficacy scenario 3"
"847",1,0.0208773240210881,"Dose-toxicity scenario 1","Dose-efficacy scenario 3"
"848",0.01,0.994066917486401,"Dose-toxicity scenario 1","Dose-efficacy scenario 3"
"849",0,0.834131662619784,"Dose-toxicity scenario 1","Dose-efficacy scenario 3"
"850",0,0.832599076753472,"Dose-toxicity scenario 1","Dose-efficacy scenario 3"
"851",0.7,0.194119271851999,"Dose-toxicity scenario 1","Dose-efficacy scenario 3"
"852",0,0.947610995232011,"Dose-toxicity scenario 1","Dose-efficacy scenario 3"
"853",0.01,0.995035019889729,"Dose-toxicity scenario 1","Dose-efficacy scenario 3"
"854",0.1,0.989627789528569,"Dose-toxicity scenario 1","Dose-efficacy scenario 3"
"855",0,0.90499050055933,"Dose-toxicity scenario 1","Dose-efficacy scenario 3"
"856",0.15,0.998591619469834,"Dose-toxicity scenario 1","Dose-efficacy scenario 3"
"857",0.16,0.989665527067998,"Dose-toxicity scenario 1","Dose-efficacy scenario 3"
"858",0.93,0.207539244280224,"Dose-toxicity scenario 1","Dose-efficacy scenario 3"
"859",0.14,0.995186790043139,"Dose-toxicity scenario 1","Dose-efficacy scenario 3"
"860",1,0.0338981176570921,"Dose-toxicity scenario 1","Dose-efficacy scenario 3"
"861",0.55,0.392150829629756,"Dose-toxicity scenario 1","Dose-efficacy scenario 3"
"862",0.9,0.180951443317477,"Dose-toxicity scenario 1","Dose-efficacy scenario 3"
"863",0.92,0.00278724428986357,"Dose-toxicity scenario 1","Dose-efficacy scenario 3"
"864",0.02,0.99659232852263,"Dose-toxicity scenario 1","Dose-efficacy scenario 3"
"865",0.98,0.185145796568046,"Dose-toxicity scenario 1","Dose-efficacy scenario 3"
"866",0.99,0.179771165099909,"Dose-toxicity scenario 1","Dose-efficacy scenario 3"
"867",1,0.174403951982072,"Dose-toxicity scenario 1","Dose-efficacy scenario 3"
"868",1,0.00127444223288567,"Dose-toxicity scenario 1","Dose-efficacy scenario 3"
"869",0.98,0.00192216441739057,"Dose-toxicity scenario 1","Dose-efficacy scenario 3"
"870",0.1,0.993691958489942,"Dose-toxicity scenario 1","Dose-efficacy scenario 3"
"871",0.11,0.986607299639024,"Dose-toxicity scenario 1","Dose-efficacy scenario 3"
"872",0.24,0.680889799032062,"Dose-toxicity scenario 1","Dose-efficacy scenario 3"
"873",0,0.9609546659256,"Dose-toxicity scenario 1","Dose-efficacy scenario 3"
"874",1,0.0382124559389413,"Dose-toxicity scenario 1","Dose-efficacy scenario 3"
"875",0,0.933508137153937,"Dose-toxicity scenario 1","Dose-efficacy scenario 3"
"876",0.98,0.00438516811294436,"Dose-toxicity scenario 1","Dose-efficacy scenario 3"
"877",1,0.0562020975264518,"Dose-toxicity scenario 1","Dose-efficacy scenario 3"
"878",1,0.0810653289902526,"Dose-toxicity scenario 1","Dose-efficacy scenario 3"
"879",0.19,0.979919923868196,"Dose-toxicity scenario 1","Dose-efficacy scenario 3"
"880",1,0.145528737916433,"Dose-toxicity scenario 1","Dose-efficacy scenario 3"
"881",1,0.0924927091430525,"Dose-toxicity scenario 1","Dose-efficacy scenario 3"
"882",0.08,0.999667670304103,"Dose-toxicity scenario 1","Dose-efficacy scenario 3"
"883",1,0.148759656750857,"Dose-toxicity scenario 1","Dose-efficacy scenario 3"
"884",0.95,0.00327443799450802,"Dose-toxicity scenario 1","Dose-efficacy scenario 3"
"885",1,0.185947391320955,"Dose-toxicity scenario 1","Dose-efficacy scenario 3"
"886",0.16,0.983517399596973,"Dose-toxicity scenario 1","Dose-efficacy scenario 3"
"887",1,0.207526838299985,"Dose-toxicity scenario 1","Dose-efficacy scenario 3"
"888",0.06,0.993436494671318,"Dose-toxicity scenario 1","Dose-efficacy scenario 3"
"889",0.91,0.0056408897062509,"Dose-toxicity scenario 1","Dose-efficacy scenario 3"
"890",0.99,0.00899985302180033,"Dose-toxicity scenario 1","Dose-efficacy scenario 3"
"891",1,0.144350911273791,"Dose-toxicity scenario 1","Dose-efficacy scenario 3"
"892",0.99,0.00679679268730559,"Dose-toxicity scenario 1","Dose-efficacy scenario 3"
"893",0.52,0.379018613203439,"Dose-toxicity scenario 1","Dose-efficacy scenario 3"
"894",1,0.159405408951887,"Dose-toxicity scenario 1","Dose-efficacy scenario 3"
"895",0.92,0.00417812348852244,"Dose-toxicity scenario 1","Dose-efficacy scenario 3"
"896",0.92,0.00395219189890508,"Dose-toxicity scenario 1","Dose-efficacy scenario 3"
"897",0.03,0.998545124405924,"Dose-toxicity scenario 1","Dose-efficacy scenario 3"
"898",1,0.0183197184521494,"Dose-toxicity scenario 1","Dose-efficacy scenario 3"
"899",1,0.00348527833706722,"Dose-toxicity scenario 1","Dose-efficacy scenario 3"
"900",0.99,0.00363273561374594,"Dose-toxicity scenario 1","Dose-efficacy scenario 3"
"901",0.02,0.993033781378622,"Dose-toxicity scenario 1","Dose-efficacy scenario 3"
"902",0,0.916356347710923,"Dose-toxicity scenario 1","Dose-efficacy scenario 3"
"903",0.3,0.578586538202589,"Dose-toxicity scenario 1","Dose-efficacy scenario 3"
"904",1,0.179970033579066,"Dose-toxicity scenario 1","Dose-efficacy scenario 3"
"905",1,0.033732313408461,"Dose-toxicity scenario 1","Dose-efficacy scenario 3"
"906",0.99,0.00155048390498823,"Dose-toxicity scenario 1","Dose-efficacy scenario 3"
"907",1,0.0955824951192753,"Dose-toxicity scenario 1","Dose-efficacy scenario 3"
"908",1,0.061050837782285,"Dose-toxicity scenario 1","Dose-efficacy scenario 3"
"909",1,0.164701646511037,"Dose-toxicity scenario 1","Dose-efficacy scenario 3"
"910",0.99,0.07738628105643,"Dose-toxicity scenario 1","Dose-efficacy scenario 3"
"911",1,0.0695018868097496,"Dose-toxicity scenario 1","Dose-efficacy scenario 3"
"912",0.91,0.000695598592855585,"Dose-toxicity scenario 1","Dose-efficacy scenario 3"
"913",1,0.0124927699952019,"Dose-toxicity scenario 1","Dose-efficacy scenario 3"
"914",1,0.224503030535024,"Dose-toxicity scenario 1","Dose-efficacy scenario 3"
"915",0.97,0.00816585571848389,"Dose-toxicity scenario 1","Dose-efficacy scenario 3"
"916",1,0.141773680958296,"Dose-toxicity scenario 1","Dose-efficacy scenario 3"
"917",0.16,0.99278906028382,"Dose-toxicity scenario 1","Dose-efficacy scenario 3"
"918",0.84,0.00780086080140085,"Dose-toxicity scenario 1","Dose-efficacy scenario 3"
"919",0.08,0.983373898458855,"Dose-toxicity scenario 1","Dose-efficacy scenario 3"
"920",0,0.888853425179043,"Dose-toxicity scenario 1","Dose-efficacy scenario 3"
"921",0.73,0.20631061643684,"Dose-toxicity scenario 1","Dose-efficacy scenario 3"
"922",0.12,0.975002877664663,"Dose-toxicity scenario 1","Dose-efficacy scenario 3"
"923",1,0.0315079241223107,"Dose-toxicity scenario 1","Dose-efficacy scenario 3"
"924",0.12,0.990846862195779,"Dose-toxicity scenario 1","Dose-efficacy scenario 3"
"925",1,0.0838273218657615,"Dose-toxicity scenario 1","Dose-efficacy scenario 3"
"926",0.11,0.991945697535747,"Dose-toxicity scenario 1","Dose-efficacy scenario 3"
"927",0.99,0.00566283134802759,"Dose-toxicity scenario 1","Dose-efficacy scenario 3"
"928",0.23,0.980284459966607,"Dose-toxicity scenario 1","Dose-efficacy scenario 3"
"929",1,0.0353539449841555,"Dose-toxicity scenario 1","Dose-efficacy scenario 3"
"930",0.92,0.000885180152901938,"Dose-toxicity scenario 1","Dose-efficacy scenario 3"
"931",1,0.0447448280465078,"Dose-toxicity scenario 1","Dose-efficacy scenario 3"
"932",0.92,0.00648925537766632,"Dose-toxicity scenario 1","Dose-efficacy scenario 3"
"933",1,0.0760529384568205,"Dose-toxicity scenario 1","Dose-efficacy scenario 3"
"934",0.69,0.356535003355071,"Dose-toxicity scenario 1","Dose-efficacy scenario 3"
"935",0.13,0.996869807677675,"Dose-toxicity scenario 1","Dose-efficacy scenario 3"
"936",1,0.126083897314511,"Dose-toxicity scenario 1","Dose-efficacy scenario 3"
"937",1,0.10190354603507,"Dose-toxicity scenario 1","Dose-efficacy scenario 3"
"938",1,0.132913262176236,"Dose-toxicity scenario 1","Dose-efficacy scenario 3"
"939",0,0.802026523564247,"Dose-toxicity scenario 1","Dose-efficacy scenario 3"
"940",0.97,0.00647873056587101,"Dose-toxicity scenario 1","Dose-efficacy scenario 3"
"941",0,0.961395301707678,"Dose-toxicity scenario 1","Dose-efficacy scenario 3"
"942",0,0.986977665391875,"Dose-toxicity scenario 1","Dose-efficacy scenario 3"
"943",0.86,0.00239526595997156,"Dose-toxicity scenario 1","Dose-efficacy scenario 3"
"944",1,0.226143304149671,"Dose-toxicity scenario 1","Dose-efficacy scenario 3"
"945",1,0.0119835416932949,"Dose-toxicity scenario 1","Dose-efficacy scenario 3"
"946",0,0.847618695532906,"Dose-toxicity scenario 1","Dose-efficacy scenario 3"
"947",0.95,0.000794904945722409,"Dose-toxicity scenario 1","Dose-efficacy scenario 3"
"948",0.95,0.000147017596450937,"Dose-toxicity scenario 1","Dose-efficacy scenario 3"
"949",0.13,0.997200504066199,"Dose-toxicity scenario 1","Dose-efficacy scenario 3"
"950",0.96,0.00324194447931476,"Dose-toxicity scenario 1","Dose-efficacy scenario 3"
"951",1,0.0156993209545756,"Dose-toxicity scenario 1","Dose-efficacy scenario 3"
"952",0.1,0.992639880415345,"Dose-toxicity scenario 1","Dose-efficacy scenario 3"
"953",1,0.220052377246138,"Dose-toxicity scenario 1","Dose-efficacy scenario 3"
"954",0.87,0.00450750911800085,"Dose-toxicity scenario 1","Dose-efficacy scenario 3"
"955",0.11,0.985791810656671,"Dose-toxicity scenario 1","Dose-efficacy scenario 3"
"956",0.04,0.994868299422555,"Dose-toxicity scenario 1","Dose-efficacy scenario 3"
"957",0,0.989111564670546,"Dose-toxicity scenario 1","Dose-efficacy scenario 3"
"958",0.88,0.00637136560746879,"Dose-toxicity scenario 1","Dose-efficacy scenario 3"
"959",0.01,0.9905831670593,"Dose-toxicity scenario 1","Dose-efficacy scenario 3"
"960",0.03,0.993733941949132,"Dose-toxicity scenario 1","Dose-efficacy scenario 3"
"961",1,0.00351198822315264,"Dose-toxicity scenario 1","Dose-efficacy scenario 3"
"962",0,0.950340384425687,"Dose-toxicity scenario 1","Dose-efficacy scenario 3"
"963",0.18,0.98883114953309,"Dose-toxicity scenario 1","Dose-efficacy scenario 3"
"964",0.98,0.00667293683424343,"Dose-toxicity scenario 1","Dose-efficacy scenario 3"
"965",1,0.00218190944617511,"Dose-toxicity scenario 1","Dose-efficacy scenario 3"
"966",0.92,0.129075068188004,"Dose-toxicity scenario 1","Dose-efficacy scenario 3"
"967",0.93,0.120947216601249,"Dose-toxicity scenario 1","Dose-efficacy scenario 3"
"968",0.94,0.112835196364279,"Dose-toxicity scenario 1","Dose-efficacy scenario 3"
"969",0.95,0.104738961267876,"Dose-toxicity scenario 1","Dose-efficacy scenario 3"
"970",0.96,0.0966584652824815,"Dose-toxicity scenario 1","Dose-efficacy scenario 3"
"971",0.97,0.0885936625573276,"Dose-toxicity scenario 1","Dose-efficacy scenario 3"
"972",0.98,0.0805445074195685,"Dose-toxicity scenario 1","Dose-efficacy scenario 3"
"973",0.99,0.0725109543734184,"Dose-toxicity scenario 1","Dose-efficacy scenario 3"
"974",1,0.0644929580992943,"Dose-toxicity scenario 1","Dose-efficacy scenario 3"
"975",0.14,0.987946863924134,"Dose-toxicity scenario 1","Dose-efficacy scenario 3"
"976",0.02,0.995698362340987,"Dose-toxicity scenario 1","Dose-efficacy scenario 3"
"977",1,0.0781606332021683,"Dose-toxicity scenario 1","Dose-efficacy scenario 3"
"978",0.14,0.992836315127625,"Dose-toxicity scenario 1","Dose-efficacy scenario 3"
"979",0.61,0.387390475921794,"Dose-toxicity scenario 1","Dose-efficacy scenario 3"
"980",0.1,0.987637841824968,"Dose-toxicity scenario 1","Dose-efficacy scenario 3"
"981",0.85,0.0124132706935431,"Dose-toxicity scenario 1","Dose-efficacy scenario 3"
"982",0,0.966100786347552,"Dose-toxicity scenario 1","Dose-efficacy scenario 3"
"983",1,0.0894228856685375,"Dose-toxicity scenario 1","Dose-efficacy scenario 3"
"984",0.07,0.988647875884912,"Dose-toxicity scenario 1","Dose-efficacy scenario 3"
"985",0.99,0.183028670580918,"Dose-toxicity scenario 1","Dose-efficacy scenario 3"
"986",0.49,0.410657882889462,"Dose-toxicity scenario 1","Dose-efficacy scenario 3"
"987",1,0.132892298865723,"Dose-toxicity scenario 1","Dose-efficacy scenario 3"
"988",0.95,0.0408131552672424,"Dose-toxicity scenario 1","Dose-efficacy scenario 3"
"989",0.96,0.0333019694038585,"Dose-toxicity scenario 1","Dose-efficacy scenario 3"
"990",0.97,0.0258509334664682,"Dose-toxicity scenario 1","Dose-efficacy scenario 3"
"991",0.98,0.0184593278114312,"Dose-toxicity scenario 1","Dose-efficacy scenario 3"
"992",0.99,0.0111264442294198,"Dose-toxicity scenario 1","Dose-efficacy scenario 3"
"993",1,0.00385158571922041,"Dose-toxicity scenario 1","Dose-efficacy scenario 3"
"994",1,0.162910755325388,"Dose-toxicity scenario 1","Dose-efficacy scenario 3"
"995",0.88,0.154081354143785,"Dose-toxicity scenario 1","Dose-efficacy scenario 3"
"996",0.9,0.132842806017851,"Dose-toxicity scenario 1","Dose-efficacy scenario 3"
"997",0,0.754388883260917,"Dose-toxicity scenario 1","Dose-efficacy scenario 3"
"998",1,0.02446975373215,"Dose-toxicity scenario 1","Dose-efficacy scenario 3"
"999",0.87,0.219788900844679,"Dose-toxicity scenario 1","Dose-efficacy scenario 3"
"1000",0.9,0.200419348699151,"Dose-toxicity scenario 1","Dose-efficacy scenario 3"
"1001",0,0.978917141343586,"Dose-toxicity scenario 1","Dose-efficacy scenario 3"
"1002",0.22,0.798576729771401,"Dose-toxicity scenario 1","Dose-efficacy scenario 3"
"1003",0.98,0.00385153544268609,"Dose-toxicity scenario 1","Dose-efficacy scenario 3"
"1004",1,0.105918126794213,"Dose-toxicity scenario 1","Dose-efficacy scenario 3"
"1005",1,0.0632381734796941,"Dose-toxicity scenario 1","Dose-efficacy scenario 3"
"1006",1,0.0107928852805697,"Dose-toxicity scenario 1","Dose-efficacy scenario 3"
"1007",0.88,0.195183439159426,"Dose-toxicity scenario 1","Dose-efficacy scenario 3"
"1008",1,0.0509278362308162,"Dose-toxicity scenario 1","Dose-efficacy scenario 3"
"1009",0.97,0.00379747667509778,"Dose-toxicity scenario 1","Dose-efficacy scenario 3"
"1010",0,0.907313896058732,"Dose-toxicity scenario 1","Dose-efficacy scenario 3"
"1011",0.13,0.948629709689424,"Dose-toxicity scenario 1","Dose-efficacy scenario 3"
"1012",0,0.907715058061494,"Dose-toxicity scenario 1","Dose-efficacy scenario 3"
"1013",0.13,0.983656819545229,"Dose-toxicity scenario 1","Dose-efficacy scenario 3"
"1014",1,0.192830523415763,"Dose-toxicity scenario 1","Dose-efficacy scenario 3"
"1015",1,0.045876794997559,"Dose-toxicity scenario 1","Dose-efficacy scenario 3"
"1016",0.79,0.261226461930414,"Dose-toxicity scenario 1","Dose-efficacy scenario 3"
"1017",0.8,0.255966009982578,"Dose-toxicity scenario 1","Dose-efficacy scenario 3"
"1018",0.33,0.632910862249982,"Dose-toxicity scenario 1","Dose-efficacy scenario 3"
"1019",0.83,0.00491861162607144,"Dose-toxicity scenario 1","Dose-efficacy scenario 3"
"1020",0,0.708939977969885,"Dose-toxicity scenario 1","Dose-efficacy scenario 3"
"1021",0.02,0.997984542479605,"Dose-toxicity scenario 1","Dose-efficacy scenario 3"
"1022",0.99,0.00216626929545718,"Dose-toxicity scenario 1","Dose-efficacy scenario 3"
"1023",1,0.0855824771202072,"Dose-toxicity scenario 1","Dose-efficacy scenario 3"
"1024",0.06,0.99693481554463,"Dose-toxicity scenario 1","Dose-efficacy scenario 3"
"1025",0.96,0.000774467803106226,"Dose-toxicity scenario 1","Dose-efficacy scenario 3"
"1026",0.74,0.0059641291564564,"Dose-toxicity scenario 1","Dose-efficacy scenario 3"
"1027",0.46,0.409430701811051,"Dose-toxicity scenario 1","Dose-efficacy scenario 3"
"1028",0.13,0.990265828427468,"Dose-toxicity scenario 1","Dose-efficacy scenario 3"
"1029",0.19,0.982119678024961,"Dose-toxicity scenario 1","Dose-efficacy scenario 3"
"1030",1,0.0779402789271573,"Dose-toxicity scenario 1","Dose-efficacy scenario 3"
"1031",1,0.0381912042134314,"Dose-toxicity scenario 1","Dose-efficacy scenario 3"
"1032",1,0.0747630722475426,"Dose-toxicity scenario 1","Dose-efficacy scenario 3"
"1033",0,0.91187288829543,"Dose-toxicity scenario 1","Dose-efficacy scenario 3"
"1034",1,0.0107021539014647,"Dose-toxicity scenario 1","Dose-efficacy scenario 3"
"1035",1,0.118625609934122,"Dose-toxicity scenario 1","Dose-efficacy scenario 3"
"1036",1,0.016627242540857,"Dose-toxicity scenario 1","Dose-efficacy scenario 3"
"1037",0.95,0.00474045928371939,"Dose-toxicity scenario 1","Dose-efficacy scenario 3"
"1038",0.08,0.998030191054255,"Dose-toxicity scenario 1","Dose-efficacy scenario 3"
"1039",0.99,0.000139406824209971,"Dose-toxicity scenario 1","Dose-efficacy scenario 3"
"1040",0.95,0.104171505821094,"Dose-toxicity scenario 1","Dose-efficacy scenario 3"
"1041",0.96,0.0982897652385613,"Dose-toxicity scenario 1","Dose-efficacy scenario 3"
"1042",0.97,0.0924080522818682,"Dose-toxicity scenario 1","Dose-efficacy scenario 3"
"1043",0.98,0.08652636695082,"Dose-toxicity scenario 1","Dose-efficacy scenario 3"
"1044",0.99,0.0806447092452221,"Dose-toxicity scenario 1","Dose-efficacy scenario 3"
"1045",1,0.0747630791648796,"Dose-toxicity scenario 1","Dose-efficacy scenario 3"
"1046",1,0.0455634246955976,"Dose-toxicity scenario 1","Dose-efficacy scenario 3"
"1047",0.86,0.152826587087822,"Dose-toxicity scenario 1","Dose-efficacy scenario 3"
"1048",0.84,0.00443589752949202,"Dose-toxicity scenario 1","Dose-efficacy scenario 3"
"1049",0.05,0.979214665491795,"Dose-toxicity scenario 1","Dose-efficacy scenario 3"
"1050",0.96,0.00453155212517817,"Dose-toxicity scenario 1","Dose-efficacy scenario 3"
"1051",0.87,0.275993959894478,"Dose-toxicity scenario 1","Dose-efficacy scenario 3"
"1052",0.88,0.268779374148806,"Dose-toxicity scenario 1","Dose-efficacy scenario 3"
"1053",0.89,0.261566604390988,"Dose-toxicity scenario 1","Dose-efficacy scenario 3"
"1054",1,0.171226083680236,"Dose-toxicity scenario 1","Dose-efficacy scenario 3"
"1055",0.13,0.994117544747185,"Dose-toxicity scenario 1","Dose-efficacy scenario 3"
"1056",1,0.0704969293538128,"Dose-toxicity scenario 1","Dose-efficacy scenario 3"
"1057",0,0.916059492918067,"Dose-toxicity scenario 1","Dose-efficacy scenario 3"
"1058",0.97,0.00647813007059904,"Dose-toxicity scenario 1","Dose-efficacy scenario 3"
"1059",0.2,0.980453495132336,"Dose-toxicity scenario 1","Dose-efficacy scenario 3"
"1060",0.04,0.997312370108971,"Dose-toxicity scenario 1","Dose-efficacy scenario 3"
"1061",1,0.0980606051555594,"Dose-toxicity scenario 1","Dose-efficacy scenario 3"
"1062",0.21,0.991812423058706,"Dose-toxicity scenario 1","Dose-efficacy scenario 3"
"1063",0.1,0.998428013116001,"Dose-toxicity scenario 1","Dose-efficacy scenario 3"
"1064",1,0.126810071228675,"Dose-toxicity scenario 1","Dose-efficacy scenario 3"
"1065",0,0.92931804582429,"Dose-toxicity scenario 1","Dose-efficacy scenario 3"
"1066",1,0.0446269337011114,"Dose-toxicity scenario 1","Dose-efficacy scenario 3"
"1067",0.65,0.253639245455009,"Dose-toxicity scenario 1","Dose-efficacy scenario 3"
"1068",0.13,0.99023960171803,"Dose-toxicity scenario 1","Dose-efficacy scenario 3"
"1069",1,0.256633319899446,"Dose-toxicity scenario 1","Dose-efficacy scenario 3"
"1070",1,0.153254666387937,"Dose-toxicity scenario 1","Dose-efficacy scenario 3"
"1071",1,0.0817488946580939,"Dose-toxicity scenario 1","Dose-efficacy scenario 3"
"1072",0.16,0.987220743905923,"Dose-toxicity scenario 1","Dose-efficacy scenario 3"
"1073",0.62,0.39809432301754,"Dose-toxicity scenario 1","Dose-efficacy scenario 3"
"1074",0.28,0.696416432968943,"Dose-toxicity scenario 1","Dose-efficacy scenario 3"
"1075",0.07,0.99414433928221,"Dose-toxicity scenario 1","Dose-efficacy scenario 3"
"1076",0.94,0.00720849831691029,"Dose-toxicity scenario 1","Dose-efficacy scenario 3"
"1077",0.95,0.0591994462656518,"Dose-toxicity scenario 1","Dose-efficacy scenario 3"
"1078",1,0.0147174224439169,"Dose-toxicity scenario 1","Dose-efficacy scenario 3"
"1079",1,0.189665932644268,"Dose-toxicity scenario 1","Dose-efficacy scenario 3"
"1080",0.8,0.00541940733397114,"Dose-toxicity scenario 1","Dose-efficacy scenario 3"
"1081",0.92,0.00222934120933786,"Dose-toxicity scenario 1","Dose-efficacy scenario 3"
"1082",0,0.908532804602087,"Dose-toxicity scenario 1","Dose-efficacy scenario 3"
"1083",0.96,0.00413028835212685,"Dose-toxicity scenario 1","Dose-efficacy scenario 3"
"1084",1,0.286423536885984,"Dose-toxicity scenario 1","Dose-efficacy scenario 3"
"1085",0.74,0.228695794246864,"Dose-toxicity scenario 1","Dose-efficacy scenario 3"
"1086",0.97,0.0930832665663848,"Dose-toxicity scenario 1","Dose-efficacy scenario 3"
"1087",0.98,0.0859470605433871,"Dose-toxicity scenario 1","Dose-efficacy scenario 3"
"1088",0.99,0.0788115978710559,"Dose-toxicity scenario 1","Dose-efficacy scenario 3"
"1089",1,0.0716768784332489,"Dose-toxicity scenario 1","Dose-efficacy scenario 3"
"1090",0.39,0.519552444881156,"Dose-toxicity scenario 1","Dose-efficacy scenario 3"
"1091",1,0.0664955076381057,"Dose-toxicity scenario 1","Dose-efficacy scenario 3"
"1092",0.04,0.988350193199738,"Dose-toxicity scenario 1","Dose-efficacy scenario 3"
"1093",1,0.03216966306191,"Dose-toxicity scenario 1","Dose-efficacy scenario 3"
"1094",1,0.00295959727979453,"Dose-toxicity scenario 1","Dose-efficacy scenario 3"
"1095",1,0.0415877682486971,"Dose-toxicity scenario 1","Dose-efficacy scenario 3"
"1096",0,0.999905876320222,"Dose-toxicity scenario 1","Dose-efficacy scenario 3"
"1097",1,0.0731050260269481,"Dose-toxicity scenario 1","Dose-efficacy scenario 3"
"1098",0.97,0.00189504326041905,"Dose-toxicity scenario 1","Dose-efficacy scenario 3"
"1099",0.16,0.991732845443544,"Dose-toxicity scenario 1","Dose-efficacy scenario 3"
"1100",0.91,0.159598967976547,"Dose-toxicity scenario 1","Dose-efficacy scenario 3"
"1101",0.02,0.999581460521692,"Dose-toxicity scenario 1","Dose-efficacy scenario 3"
"1102",0.23,0.985354978881449,"Dose-toxicity scenario 1","Dose-efficacy scenario 3"
"1103",0.31,0.679005645904402,"Dose-toxicity scenario 1","Dose-efficacy scenario 3"
"1104",0.97,0.00543762587284712,"Dose-toxicity scenario 1","Dose-efficacy scenario 3"
"1105",0.94,0.0810763118095069,"Dose-toxicity scenario 1","Dose-efficacy scenario 3"
"1106",0.94,6.54615918697583e-05,"Dose-toxicity scenario 1","Dose-efficacy scenario 3"
"1107",1,0.048250633526904,"Dose-toxicity scenario 1","Dose-efficacy scenario 3"
"1108",0.96,0.123561579187932,"Dose-toxicity scenario 1","Dose-efficacy scenario 3"
"1109",1,0.0347268056326021,"Dose-toxicity scenario 1","Dose-efficacy scenario 3"
"1110",0.13,0.991993890112078,"Dose-toxicity scenario 1","Dose-efficacy scenario 3"
"1111",1,0.0414749395741573,"Dose-toxicity scenario 1","Dose-efficacy scenario 3"
